Crypto,Date,Open,High,Low,Close
LTC,2023-05-31,92.04,92.68,87.98,89.64
LTC,2023-05-30,91.41,93.25,90.56,92.04
LTC,2023-05-29,90.31,92.28,90.24,91.4
LTC,2023-05-28,88.7,90.53,88.29,90.31
LTC,2023-05-27,87.81,88.75,86.95,88.69
LTC,2023-05-26,85.4,88.25,85.27,87.81
LTC,2023-05-25,85.72,86.23,83.1,85.41
LTC,2023-05-24,90.83,91.86,84.74,85.7
LTC,2023-05-23,90.95,93.02,90.46,90.83
LTC,2023-05-22,91.69,92.74,89.87,90.96
LTC,2023-05-21,91.99,93.35,91.29,91.8
LTC,2023-05-20,91.47,92.78,90.69,91.99
LTC,2023-05-19,90.56,93.26,90.26,91.44
LTC,2023-05-18,94.38,94.57,89.26,90.56
LTC,2023-05-17,89.5,94.99,89.25,94.38
LTC,2023-05-16,87.73,90.43,86.25,89.5
LTC,2023-05-15,82.65,88.5,82.38,87.7
LTC,2023-05-14,80.7,84.03,79.79,82.65
LTC,2023-05-13,79.6,81.03,79.6,80.68
LTC,2023-05-12,80.06,81.43,77.43,79.6
LTC,2023-05-11,81.88,81.96,78.64,80.06
LTC,2023-05-10,79.54,82.0,77.28,81.75
LTC,2023-05-09,77.0,79.92,76.83,79.54
LTC,2023-05-08,84.28,85.29,75.41,77.01
LTC,2023-05-07,83.82,84.49,83.11,84.28
LTC,2023-05-06,88.73,89.43,81.21,83.82
LTC,2023-05-05,88.06,89.7,86.32,88.73
LTC,2023-05-04,87.05,89.81,87.05,88.06
LTC,2023-05-03,88.12,88.62,85.54,87.05
LTC,2023-05-02,86.18,89.07,86.0,88.12
LTC,2023-05-01,88.53,88.95,85.21,86.18
LTC,2023-04-30,90.76,91.42,87.93,88.53
LTC,2023-04-29,89.63,91.61,89.38,90.76
LTC,2023-04-28,89.85,90.45,87.79,89.63
LTC,2023-04-27,88.12,90.7,86.97,89.8
LTC,2023-04-26,91.36,93.96,84.69,87.95
LTC,2023-04-25,88.15,91.71,87.3,91.36
LTC,2023-04-24,86.14,88.92,85.76,88.07
LTC,2023-04-23,86.93,87.13,84.55,86.14
LTC,2023-04-22,84.63,87.12,84.61,86.99
LTC,2023-04-21,88.29,91.01,84.78,84.78
LTC,2023-04-20,93.3,93.42,87.2,88.29
LTC,2023-04-19,101.34,101.94,92.64,93.3
LTC,2023-04-18,98.44,103.03,97.74,101.34
LTC,2023-04-17,101.2,101.71,97.44,98.44
LTC,2023-04-16,96.27,102.16,95.3,101.2
LTC,2023-04-15,96.48,96.97,94.91,96.27
LTC,2023-04-14,94.19,99.25,93.4,96.49
LTC,2023-04-13,91.96,94.6,91.74,94.25
LTC,2023-04-12,94.72,94.76,90.98,91.96
LTC,2023-04-11,92.65,97.0,92.63,94.72
LTC,2023-04-10,90.14,93.37,89.97,92.59
LTC,2023-04-09,89.99,90.93,89.24,90.14
LTC,2023-04-08,90.07,91.47,89.33,89.99
LTC,2023-04-07,90.71,91.55,89.15,90.07
LTC,2023-04-06,92.32,92.7,89.86,90.71
LTC,2023-04-05,93.21,95.0,91.2,92.32
LTC,2023-04-04,91.17,94.01,90.03,93.21
LTC,2023-04-03,91.49,95.81,90.47,91.62
LTC,2023-04-02,92.25,94.56,90.54,91.48
LTC,2023-04-01,89.61,94.22,89.36,92.25
LTC,2023-03-31,89.42,90.22,87.53,89.54
LTC,2023-03-30,92.08,93.23,86.86,89.42
LTC,2023-03-29,88.35,92.9,88.29,92.08
LTC,2023-03-28,88.83,89.53,85.62,88.31
LTC,2023-03-27,92.86,94.4,87.97,88.9
LTC,2023-03-26,90.6,94.77,90.6,92.86
LTC,2023-03-25,90.76,94.12,89.37,90.51
LTC,2023-03-24,93.11,95.89,89.15,90.67
LTC,2023-03-23,86.15,94.67,85.74,93.17
LTC,2023-03-22,81.93,86.7,79.5,86.59
LTC,2023-03-21,80.51,83.63,76.88,81.92
LTC,2023-03-20,84.33,85.5,78.86,80.51
LTC,2023-03-19,84.82,86.51,82.36,84.37
LTC,2023-03-18,82.87,88.01,82.51,84.84
LTC,2023-03-17,77.83,84.97,77.83,82.87
LTC,2023-03-16,76.25,80.0,75.71,77.83
LTC,2023-03-15,83.71,85.78,75.39,76.25
LTC,2023-03-14,81.54,88.41,79.48,83.81
LTC,2023-03-13,73.62,83.46,72.72,81.54
LTC,2023-03-12,69.05,73.93,67.84,73.93
LTC,2023-03-11,71.48,74.55,65.28,69.05
LTC,2023-03-10,75.29,76.78,67.96,71.48
LTC,2023-03-09,83.29,84.9,75.16,75.48
LTC,2023-03-08,85.52,86.66,82.7,83.3
LTC,2023-03-07,87.65,88.91,84.13,85.52
LTC,2023-03-06,90.26,90.61,86.61,87.69
LTC,2023-03-05,88.11,91.74,87.54,90.26
LTC,2023-03-04,89.63,90.79,87.74,88.11
LTC,2023-03-03,95.06,95.53,86.29,89.63
LTC,2023-03-02,97.52,98.26,93.96,95.09
LTC,2023-03-01,93.53,98.24,93.36,97.52
LTC,2023-02-28,93.48,95.98,93.16,93.56
LTC,2023-02-27,95.08,96.0,92.56,93.59
LTC,2023-02-26,91.99,95.52,91.99,95.05
LTC,2023-02-25,91.04,92.6,90.45,91.99
LTC,2023-02-24,94.18,95.24,90.07,91.13
LTC,2023-02-23,93.79,96.22,93.5,94.18
LTC,2023-02-22,92.46,95.53,91.69,93.82
LTC,2023-02-21,95.86,96.79,91.7,92.41
LTC,2023-02-20,98.42,98.58,94.55,95.86
LTC,2023-02-19,99.49,101.42,96.76,98.42
LTC,2023-02-18,100.52,101.87,98.76,99.49
LTC,2023-02-17,101.64,101.8,98.35,100.82
LTC,2023-02-16,101.62,105.5,100.5,101.64
LTC,2023-02-15,95.31,102.32,94.85,101.58
LTC,2023-02-14,89.33,95.93,89.23,95.3
LTC,2023-02-13,92.14,94.9,88.27,89.33
LTC,2023-02-12,94.59,94.76,92.19,92.19
LTC,2023-02-11,93.21,94.72,92.78,94.59
LTC,2023-02-10,91.47,94.16,90.26,93.21
LTC,2023-02-09,98.81,99.43,90.09,91.35
LTC,2023-02-08,100.18,102.27,96.96,98.81
LTC,2023-02-07,97.18,100.76,95.29,100.18
LTC,2023-02-06,95.57,97.9,94.94,97.21
LTC,2023-02-05,99.2,99.28,94.93,95.57
LTC,2023-02-04,99.44,101.25,98.35,99.2
LTC,2023-02-03,98.01,100.7,97.52,99.41
LTC,2023-02-02,98.02,102.37,97.97,98.12
LTC,2023-02-01,93.25,99.11,92.81,98.02
LTC,2023-01-31,90.46,96.14,89.63,93.16
LTC,2023-01-30,96.9,96.98,89.01,90.46
LTC,2023-01-29,88.64,97.61,88.43,96.8
LTC,2023-01-28,88.51,89.89,87.06,88.64
LTC,2023-01-27,87.35,88.96,85.93,88.5
LTC,2023-01-26,91.52,91.9,86.95,87.35
LTC,2023-01-25,88.1,91.26,85.54,91.11
LTC,2023-01-24,90.6,91.4,87.65,88.02
LTC,2023-01-23,87.51,93.03,87.01,90.6
LTC,2023-01-22,90.2,90.2,86.67,87.45
LTC,2023-01-21,88.85,91.58,88.31,90.25
LTC,2023-01-20,83.9,89.35,83.05,88.94
LTC,2023-01-19,83.51,84.49,81.76,83.9
LTC,2023-01-18,87.08,88.36,81.92,83.57
LTC,2023-01-17,86.34,89.37,84.67,87.04
LTC,2023-01-16,87.9,89.15,84.3,86.34
LTC,2023-01-15,87.76,88.7,85.65,87.9
LTC,2023-01-14,86.66,91.1,85.39,87.76
LTC,2023-01-13,85.27,86.8,83.67,86.66
LTC,2023-01-12,82.4,86.46,81.13,85.27
LTC,2023-01-11,81.54,83.81,79.95,82.4
LTC,2023-01-10,81.14,82.85,79.49,81.54
LTC,2023-01-09,76.45,83.46,76.38,81.13
LTC,2023-01-08,76.48,77.17,75.18,76.45
LTC,2023-01-07,75.6,76.81,75.51,76.48
LTC,2023-01-06,74.59,76.09,72.62,75.61
LTC,2023-01-05,74.83,76.22,73.71,74.59
LTC,2023-01-04,75.32,77.83,74.42,74.83
LTC,2023-01-03,75.45,76.26,73.67,75.32
LTC,2023-01-02,71.19,77.37,70.1,75.45
LTC,2023-01-01,70.27,71.45,68.96,71.19
LTC,2022-12-31,67.78,71.04,67.56,70.29
LTC,2022-12-30,66.08,68.57,66.04,67.78
LTC,2022-12-29,66.39,67.16,65.58,66.08
LTC,2022-12-28,68.08,69.37,66.09,66.42
LTC,2022-12-27,69.92,71.03,67.8,68.08
LTC,2022-12-26,68.01,70.94,67.9,69.92
LTC,2022-12-25,65.7,68.34,65.35,68.02
LTC,2022-12-24,65.8,65.98,65.13,65.7
LTC,2022-12-23,65.58,66.64,65.02,65.8
LTC,2022-12-22,65.58,66.64,64.32,65.58
LTC,2022-12-21,65.43,66.75,64.62,65.58
LTC,2022-12-20,63.02,65.98,61.1,65.4
LTC,2022-12-19,64.38,65.13,61.67,63.02
LTC,2022-12-18,63.83,65.89,63.16,64.38
LTC,2022-12-17,67.72,67.89,62.79,63.9
LTC,2022-12-16,72.66,73.53,66.8,67.72
LTC,2022-12-15,75.52,75.61,72.11,72.63
LTC,2022-12-14,77.68,79.06,74.39,75.52
LTC,2022-12-13,76.35,79.8,74.43,77.68
LTC,2022-12-12,77.35,77.52,73.59,76.43
LTC,2022-12-11,76.35,78.38,76.15,77.37
LTC,2022-12-10,76.21,77.36,75.8,76.36
LTC,2022-12-09,77.62,78.73,75.88,76.23
LTC,2022-12-08,76.86,77.69,74.65,77.51
LTC,2022-12-07,78.76,80.33,75.9,76.86
LTC,2022-12-06,80.03,81.68,77.75,78.78
LTC,2022-12-05,76.75,84.56,76.68,80.03
LTC,2022-12-04,76.12,77.24,75.56,76.75
LTC,2022-12-03,77.32,78.07,75.71,76.11
LTC,2022-12-02,77.88,78.43,75.5,77.35
LTC,2022-12-01,78.48,80.43,76.38,77.88
LTC,2022-11-30,76.77,80.6,75.59,78.48
LTC,2022-11-29,73.23,77.75,72.7,76.6
LTC,2022-11-28,75.81,76.2,70.59,73.23
LTC,2022-11-27,76.75,79.12,74.64,75.81
LTC,2022-11-26,74.63,79.51,73.38,76.75
LTC,2022-11-25,77.69,79.18,73.86,74.63
LTC,2022-11-24,78.44,79.71,75.4,77.69
LTC,2022-11-23,68.99,83.34,68.99,78.44
LTC,2022-11-22,60.27,70.86,60.22,69.09
LTC,2022-11-21,60.79,63.31,59.34,60.28
LTC,2022-11-20,63.45,64.69,60.69,60.79
LTC,2022-11-19,62.82,64.37,61.29,63.45
LTC,2022-11-18,62.16,63.75,61.5,62.75
LTC,2022-11-17,57.07,63.21,56.79,62.17
LTC,2022-11-16,57.8,60.04,56.66,57.06
LTC,2022-11-15,55.33,59.46,55.29,57.8
LTC,2022-11-14,56.91,59.03,53.4,55.33
LTC,2022-11-13,60.34,60.4,56.25,56.92
LTC,2022-11-12,60.15,61.56,58.19,60.34
LTC,2022-11-11,59.49,63.98,58.65,60.15
LTC,2022-11-10,49.25,60.81,48.67,59.53
LTC,2022-11-09,57.17,59.66,47.57,49.15
LTC,2022-11-08,68.75,68.75,54.26,57.4
LTC,2022-11-07,69.38,72.89,67.6,68.75
LTC,2022-11-06,70.24,70.79,68.21,69.38
LTC,2022-11-05,68.07,71.75,67.14,70.24
LTC,2022-11-04,62.01,70.04,61.57,68.09
LTC,2022-11-03,59.13,64.65,59.02,62.01
LTC,2022-11-02,55.08,62.4,54.69,59.13
LTC,2022-11-01,54.92,55.87,54.51,55.08
LTC,2022-10-31,55.81,56.36,54.06,54.92
LTC,2022-10-30,56.85,57.47,55.23,55.81
LTC,2022-10-29,55.19,57.52,54.72,56.85
LTC,2022-10-28,55.09,55.52,53.58,55.19
LTC,2022-10-27,56.09,56.7,54.59,55.09
LTC,2022-10-26,56.03,57.56,55.56,56.09
LTC,2022-10-25,52.65,56.81,52.32,56.03
LTC,2022-10-24,53.17,54.22,52.15,52.65
LTC,2022-10-23,52.47,53.42,51.87,53.17
LTC,2022-10-22,51.59,52.48,51.41,52.48
LTC,2022-10-21,51.06,51.82,49.6,51.59
LTC,2022-10-20,51.56,52.08,50.59,51.06
LTC,2022-10-19,51.78,52.0,51.08,51.56
LTC,2022-10-18,51.72,52.2,50.78,51.73
LTC,2022-10-17,51.45,52.14,50.91,51.72
LTC,2022-10-16,50.82,51.76,50.29,51.45
LTC,2022-10-15,51.34,51.65,50.62,50.82
LTC,2022-10-14,51.49,52.65,50.91,51.35
LTC,2022-10-13,52.2,52.49,48.45,51.51
LTC,2022-10-12,51.99,52.93,51.58,52.2
LTC,2022-10-11,53.24,53.31,51.32,51.99
LTC,2022-10-10,53.64,54.44,52.66,53.24
LTC,2022-10-09,52.97,53.8,52.47,53.64
LTC,2022-10-08,52.92,53.52,52.75,52.97
LTC,2022-10-07,53.87,53.87,52.34,52.9
LTC,2022-10-06,54.22,55.06,53.71,53.87
LTC,2022-10-05,55.52,55.61,53.36,54.22
LTC,2022-10-04,53.9,55.7,53.61,55.52
LTC,2022-10-03,52.64,53.97,51.53,53.9
LTC,2022-10-02,52.7,53.42,52.1,52.64
LTC,2022-10-01,53.43,53.78,52.54,52.7
LTC,2022-09-30,53.85,55.1,53.1,53.43
LTC,2022-09-29,53.47,54.06,52.33,53.85
LTC,2022-09-28,52.51,53.79,51.12,53.49
LTC,2022-09-27,53.08,55.44,51.82,52.51
LTC,2022-09-26,53.53,53.63,51.95,53.08
LTC,2022-09-25,55.12,55.13,53.07,53.51
LTC,2022-09-24,54.12,55.88,53.98,55.12
LTC,2022-09-23,53.2,54.7,51.45,54.11
LTC,2022-09-22,52.98,54.03,50.28,53.2
LTC,2022-09-21,52.33,55.46,50.98,52.98
LTC,2022-09-20,52.26,53.89,50.94,52.34
LTC,2022-09-19,56.22,56.26,50.25,52.26
LTC,2022-09-18,58.24,58.27,55.63,56.22
LTC,2022-09-17,55.92,58.37,55.56,58.24
LTC,2022-09-16,57.09,57.09,54.7,55.92
LTC,2022-09-15,59.56,60.77,56.33,57.09
LTC,2022-09-14,59.33,61.03,58.27,59.56
LTC,2022-09-13,61.41,67.36,59.0,59.33
LTC,2022-09-12,62.79,63.2,60.15,61.41
LTC,2022-09-11,63.6,64.37,61.89,62.79
LTC,2022-09-10,60.87,64.67,60.43,63.6
LTC,2022-09-09,58.33,61.84,57.75,60.87
LTC,2022-09-08,57.01,58.65,56.12,58.33
LTC,2022-09-07,54.98,57.25,52.98,57.01
LTC,2022-09-06,60.23,62.68,54.23,54.95
LTC,2022-09-05,60.22,61.52,59.36,60.23
LTC,2022-09-04,61.2,61.29,58.67,60.22
LTC,2022-09-03,61.65,62.2,59.65,61.2
LTC,2022-09-02,57.4,62.29,56.55,61.61
LTC,2022-09-01,54.73,57.46,53.25,57.4
LTC,2022-08-31,53.69,55.24,52.83,54.73
LTC,2022-08-30,55.41,56.19,51.9,53.65
LTC,2022-08-29,55.08,56.69,52.56,55.41
LTC,2022-08-28,52.91,55.87,52.49,55.08
LTC,2022-08-27,54.05,54.29,51.7,52.91
LTC,2022-08-26,57.2,58.22,53.17,54.05
LTC,2022-08-25,57.32,57.49,55.91,57.2
LTC,2022-08-24,57.06,57.61,55.61,57.35
LTC,2022-08-23,56.59,57.71,53.97,57.02
LTC,2022-08-22,55.43,57.36,52.35,56.59
LTC,2022-08-21,52.8,55.91,52.8,55.46
LTC,2022-08-20,55.39,55.6,52.74,52.94
LTC,2022-08-19,61.19,61.45,54.14,55.39
LTC,2022-08-18,60.9,61.65,60.01,61.19
LTC,2022-08-17,61.46,64.65,59.75,60.9
LTC,2022-08-16,60.79,61.7,59.74,61.46
LTC,2022-08-15,63.43,65.3,60.29,60.79
LTC,2022-08-14,63.83,65.78,62.9,63.43
LTC,2022-08-13,62.56,65.71,61.91,63.83
LTC,2022-08-12,62.7,62.72,60.71,62.56
LTC,2022-08-11,61.58,63.55,61.38,62.7
LTC,2022-08-10,59.2,62.29,57.61,61.58
LTC,2022-08-09,63.5,63.5,58.33,59.25
LTC,2022-08-08,61.81,64.17,60.84,63.5
LTC,2022-08-07,61.54,61.91,59.92,61.81
LTC,2022-08-06,61.32,62.53,60.53,61.51
LTC,2022-08-05,59.33,62.3,58.91,61.32
LTC,2022-08-04,59.46,60.53,57.38,59.33
LTC,2022-08-03,58.71,60.13,56.76,59.46
LTC,2022-08-02,59.0,59.81,56.69,58.68
LTC,2022-08-01,62.2,62.57,58.31,58.86
LTC,2022-07-31,61.77,62.95,59.98,62.2
LTC,2022-07-30,61.61,63.99,60.5,61.77
LTC,2022-07-29,63.35,64.54,59.86,61.66
LTC,2022-07-28,58.45,64.28,58.12,63.35
LTC,2022-07-27,52.73,58.92,52.59,58.45
LTC,2022-07-26,56.34,56.36,52.03,52.73
LTC,2022-07-25,59.41,59.73,54.91,56.34
LTC,2022-07-24,55.79,59.66,55.68,59.41
LTC,2022-07-23,55.75,57.19,54.49,55.79
LTC,2022-07-22,58.16,59.17,55.55,55.69
LTC,2022-07-21,57.08,58.62,55.26,58.16
LTC,2022-07-20,58.31,61.68,56.5,57.13
LTC,2022-07-19,56.59,59.51,55.89,58.31
LTC,2022-07-18,55.8,59.2,55.31,56.59
LTC,2022-07-17,54.27,56.29,54.27,55.8
LTC,2022-07-16,52.16,54.77,51.13,54.27
LTC,2022-07-15,51.04,52.68,50.62,52.08
LTC,2022-07-14,48.34,51.6,47.9,51.04
LTC,2022-07-13,47.71,49.36,46.44,48.34
LTC,2022-07-12,50.43,50.52,47.32,47.71
LTC,2022-07-11,51.57,53.07,50.12,50.43
LTC,2022-07-10,53.34,54.96,50.75,51.57
LTC,2022-07-09,52.01,53.71,51.13,53.34
LTC,2022-07-08,51.82,53.94,50.8,52.01
LTC,2022-07-07,50.31,52.08,49.77,51.81
LTC,2022-07-06,50.68,50.98,48.94,50.32
LTC,2022-07-05,51.25,52.38,47.96,50.68
LTC,2022-07-04,51.07,51.96,49.7,51.25
LTC,2022-07-03,50.47,51.23,49.16,51.07
LTC,2022-07-02,51.55,51.67,49.74,50.47
LTC,2022-07-01,51.02,56.09,50.06,51.55
LTC,2022-06-30,53.43,54.02,50.15,51.02
LTC,2022-06-29,53.23,54.3,51.34,53.43
LTC,2022-06-28,55.94,56.92,52.91,53.23
LTC,2022-06-27,58.78,58.78,54.83,55.94
LTC,2022-06-26,58.81,60.39,57.5,58.78
LTC,2022-06-25,55.46,59.32,54.66,58.81
LTC,2022-06-24,55.67,57.27,54.56,55.29
LTC,2022-06-23,51.56,56.09,51.55,55.67
LTC,2022-06-22,53.3,54.59,50.53,51.59
LTC,2022-06-21,52.78,55.63,51.51,53.3
LTC,2022-06-20,55.13,55.34,51.34,52.78
LTC,2022-06-19,42.39,56.14,42.39,55.1
LTC,2022-06-18,47.11,48.33,41.54,42.35
LTC,2022-06-17,45.71,47.66,44.05,47.11
LTC,2022-06-16,48.62,51.12,44.45,45.71
LTC,2022-06-15,45.03,49.35,41.64,48.64
LTC,2022-06-14,44.06,45.87,40.38,45.03
LTC,2022-06-13,49.91,50.3,41.2,44.14
LTC,2022-06-12,52.03,53.24,48.68,50.04
LTC,2022-06-11,56.91,57.75,51.67,52.03
LTC,2022-06-10,60.09,60.33,55.73,56.86
LTC,2022-06-09,61.97,62.35,59.35,60.09
LTC,2022-06-08,65.01,65.29,61.25,61.99
LTC,2022-06-07,64.0,65.41,60.22,65.0
LTC,2022-06-06,63.44,66.4,62.92,64.0
LTC,2022-06-05,63.26,64.25,61.69,63.44
LTC,2022-06-04,62.16,63.43,61.39,63.26
LTC,2022-06-03,63.82,64.79,61.35,62.16
LTC,2022-06-02,62.73,64.2,62.08,63.87
LTC,2022-06-01,68.35,70.5,61.84,62.66
LTC,2022-05-31,68.07,69.68,66.68,68.35
LTC,2022-05-30,62.96,68.14,62.87,67.92
LTC,2022-05-29,63.07,64.33,61.82,62.88
LTC,2022-05-28,61.88,63.88,61.07,63.07
LTC,2022-05-27,64.14,64.68,60.92,62.1
LTC,2022-05-26,68.6,68.78,60.6,64.17
LTC,2022-05-25,70.26,71.51,67.92,68.6
LTC,2022-05-24,69.56,70.81,67.06,70.26
LTC,2022-05-23,70.76,73.86,68.64,69.44
LTC,2022-05-22,69.58,72.36,69.31,70.76
LTC,2022-05-21,68.45,70.51,67.95,69.58
LTC,2022-05-20,71.07,73.11,66.77,68.45
LTC,2022-05-19,67.72,72.5,64.66,71.07
LTC,2022-05-18,71.5,74.16,66.26,67.72
LTC,2022-05-17,67.99,73.72,66.88,71.6
LTC,2022-05-16,70.55,71.68,64.92,67.87
LTC,2022-05-15,66.33,70.82,65.92,70.44
LTC,2022-05-14,68.45,70.3,64.12,66.33
LTC,2022-05-13,63.22,73.02,61.42,68.49
LTC,2022-05-12,65.74,69.4,52.16,63.33
LTC,2022-05-11,79.18,82.71,65.58,65.73
LTC,2022-05-10,80.48,85.02,73.47,79.18
LTC,2022-05-09,95.06,95.44,77.81,80.77
LTC,2022-05-08,96.06,96.3,91.58,95.06
LTC,2022-05-07,96.07,97.31,95.22,96.06
LTC,2022-05-06,96.96,98.36,93.16,96.15
LTC,2022-05-05,106.53,106.84,94.89,96.96
LTC,2022-05-04,98.48,107.05,97.79,106.53
LTC,2022-05-03,100.2,101.8,97.52,98.04
LTC,2022-05-02,99.0,101.23,98.34,100.2
LTC,2022-05-01,99.28,99.92,94.2,98.88
LTC,2022-04-30,99.79,101.52,98.88,99.28
LTC,2022-04-29,103.91,104.32,98.52,99.79
LTC,2022-04-28,100.13,104.28,99.77,103.94
LTC,2022-04-27,99.14,101.84,96.43,100.13
LTC,2022-04-26,104.19,105.41,98.49,99.14
LTC,2022-04-25,104.85,105.61,98.6,104.19
LTC,2022-04-24,106.31,106.58,103.78,104.85
LTC,2022-04-23,106.08,107.21,104.98,106.31
LTC,2022-04-22,107.25,108.59,105.5,106.08
LTC,2022-04-21,112.58,114.41,107.37,107.49
LTC,2022-04-20,113.32,114.15,110.82,112.58
LTC,2022-04-19,110.22,113.72,110.13,113.28
LTC,2022-04-18,111.06,111.89,105.37,110.22
LTC,2022-04-17,110.86,115.09,110.75,111.06
LTC,2022-04-16,111.12,113.95,110.22,110.92
LTC,2022-04-15,106.94,112.74,106.94,111.12
LTC,2022-04-14,110.11,112.22,106.05,106.82
LTC,2022-04-13,103.46,110.47,103.38,110.11
LTC,2022-04-12,104.05,105.73,101.82,103.43
LTC,2022-04-11,114.3,114.38,103.1,103.96
LTC,2022-04-10,111.72,114.43,111.3,114.3
LTC,2022-04-09,113.27,113.46,109.89,111.65
LTC,2022-04-08,113.97,115.23,111.03,113.29
LTC,2022-04-07,114.55,114.9,110.26,113.97
LTC,2022-04-06,124.36,124.96,112.97,114.55
LTC,2022-04-05,124.1,127.2,123.27,124.14
LTC,2022-04-04,126.95,129.52,121.37,124.09
LTC,2022-04-03,125.3,128.12,123.82,126.77
LTC,2022-04-02,125.29,128.28,124.14,125.3
LTC,2022-04-01,124.87,126.33,119.26,125.32
LTC,2022-03-31,132.01,132.83,121.76,124.87
LTC,2022-03-30,128.9,134.05,126.31,131.91
LTC,2022-03-29,131.35,132.0,127.1,128.9
LTC,2022-03-28,127.24,132.54,127.01,131.35
LTC,2022-03-27,125.02,127.59,123.47,127.1
LTC,2022-03-26,124.31,125.51,122.08,125.01
LTC,2022-03-25,126.34,127.72,121.79,124.31
LTC,2022-03-24,121.86,126.39,120.33,126.31
LTC,2022-03-23,121.53,124.41,118.75,121.86
LTC,2022-03-22,116.18,123.66,115.53,121.53
LTC,2022-03-21,114.94,116.67,113.27,116.26
LTC,2022-03-20,113.91,118.25,111.47,114.94
LTC,2022-03-19,112.16,114.72,111.55,113.91
LTC,2022-03-18,110.47,113.0,107.93,112.3
LTC,2022-03-17,110.03,111.57,108.75,110.47
LTC,2022-03-16,107.41,111.72,105.75,110.03
LTC,2022-03-15,102.57,108.54,102.57,107.39
LTC,2022-03-14,104.26,105.48,101.04,102.57
LTC,2022-03-13,105.77,107.26,103.72,104.19
LTC,2022-03-12,104.6,108.06,104.32,105.77
LTC,2022-03-11,102.56,106.91,99.91,104.6
LTC,2022-03-10,106.73,107.14,99.9,102.56
LTC,2022-03-09,99.42,109.31,99.33,106.73
LTC,2022-03-08,98.09,101.75,97.88,99.42
LTC,2022-03-07,104.11,104.47,96.4,98.09
LTC,2022-03-06,104.75,105.7,101.43,104.18
LTC,2022-03-05,101.42,105.3,99.01,104.75
LTC,2022-03-04,110.61,112.65,100.94,101.42
LTC,2022-03-03,111.23,112.91,108.32,110.23
LTC,2022-03-02,111.52,114.58,109.44,110.98
LTC,2022-03-01,110.68,115.85,110.19,111.87
LTC,2022-02-28,102.68,110.59,101.4,110.58
LTC,2022-02-27,109.09,109.09,101.31,102.96
LTC,2022-02-26,108.37,114.41,106.66,109.09
LTC,2022-02-25,105.06,108.46,101.75,108.22
LTC,2022-02-24,107.21,107.45,91.84,105.36
LTC,2022-02-23,105.9,111.41,105.67,107.21
LTC,2022-02-22,105.15,107.58,100.36,105.9
LTC,2022-02-21,109.98,114.61,105.37,105.37
LTC,2022-02-20,114.9,115.79,108.63,109.98
LTC,2022-02-19,115.21,117.15,113.24,114.9
LTC,2022-02-18,117.3,122.56,114.88,115.32
LTC,2022-02-17,128.62,129.2,115.06,117.3
LTC,2022-02-16,129.27,132.52,125.61,128.62
LTC,2022-02-15,123.54,132.44,123.54,129.27
LTC,2022-02-14,126.31,126.87,121.54,123.54
LTC,2022-02-13,124.38,128.79,123.55,126.31
LTC,2022-02-12,126.53,127.65,121.12,124.38
LTC,2022-02-11,136.37,137.23,125.76,126.53
LTC,2022-02-10,139.63,143.81,134.55,136.24
LTC,2022-02-09,133.44,140.96,132.3,139.65
LTC,2022-02-08,136.86,142.97,130.59,133.44
LTC,2022-02-07,124.83,139.75,124.05,136.64
LTC,2022-02-06,122.52,127.9,120.96,124.84
LTC,2022-02-05,119.19,123.8,118.49,122.52
LTC,2022-02-04,109.33,119.46,108.83,119.28
LTC,2022-02-03,108.52,109.69,105.51,109.33
LTC,2022-02-02,115.26,116.9,107.39,108.34
LTC,2022-02-01,109.1,115.79,108.36,114.86
LTC,2022-01-31,108.15,111.25,104.43,109.1
LTC,2022-01-30,111.37,112.17,107.49,108.15
LTC,2022-01-29,109.08,112.12,107.81,111.38
LTC,2022-01-28,105.06,109.97,104.47,109.13
LTC,2022-01-27,105.05,109.86,103.01,105.06
LTC,2022-01-26,106.91,116.49,105.04,105.04
LTC,2022-01-25,109.94,110.23,105.35,106.91
LTC,2022-01-24,108.02,112.66,97.87,109.92
LTC,2022-01-23,110.08,111.88,105.64,108.06
LTC,2022-01-22,114.84,116.9,96.99,110.16
LTC,2022-01-21,133.35,134.1,110.16,114.32
LTC,2022-01-20,137.2,142.78,133.96,133.96
LTC,2022-01-19,142.45,143.69,133.35,137.2
LTC,2022-01-18,147.34,153.28,138.84,142.45
LTC,2022-01-17,146.52,153.81,144.34,147.5
LTC,2022-01-16,148.0,149.0,143.5,146.52
LTC,2022-01-15,145.01,150.47,144.06,148.0
LTC,2022-01-14,136.6,146.29,136.04,145.14
LTC,2022-01-13,140.54,142.27,134.76,136.6
LTC,2022-01-12,131.14,142.05,130.99,140.62
LTC,2022-01-11,126.68,133.52,125.8,131.14
LTC,2022-01-10,132.02,132.39,121.25,126.68
LTC,2022-01-09,129.73,132.55,128.04,132.02
LTC,2022-01-08,132.48,134.63,125.36,129.85
LTC,2022-01-07,136.39,136.95,126.42,132.51
LTC,2022-01-06,136.29,137.98,130.0,136.56
LTC,2022-01-05,147.6,149.76,136.05,136.43
LTC,2022-01-04,147.33,151.48,145.75,147.64
LTC,2022-01-03,150.5,151.75,146.16,147.43
LTC,2022-01-02,149.95,153.17,148.02,150.5
LTC,2022-01-01,146.15,150.83,145.91,149.95
LTC,2021-12-31,147.73,152.64,143.76,146.12
LTC,2021-12-30,148.47,149.9,143.08,147.73
LTC,2021-12-29,145.95,150.85,145.03,148.47
LTC,2021-12-28,158.94,159.86,144.75,145.95
LTC,2021-12-27,156.99,161.25,154.82,158.96
LTC,2021-12-26,162.31,162.33,153.39,156.93
LTC,2021-12-25,162.13,163.69,159.05,162.31
LTC,2021-12-24,163.79,166.92,160.76,162.13
LTC,2021-12-23,157.0,165.09,153.26,163.34
LTC,2021-12-22,155.66,159.91,153.19,157.0
LTC,2021-12-21,153.2,156.27,149.31,155.66
LTC,2021-12-20,153.97,157.36,145.43,153.05
LTC,2021-12-19,148.99,160.5,147.63,154.1
LTC,2021-12-18,146.4,150.18,142.99,148.87
LTC,2021-12-17,151.38,151.38,141.57,146.56
LTC,2021-12-16,154.51,156.55,149.63,151.38
LTC,2021-12-15,150.41,154.99,141.42,154.66
LTC,2021-12-14,145.7,151.75,143.1,150.41
LTC,2021-12-13,159.87,160.65,142.89,145.7
LTC,2021-12-12,155.92,162.71,153.48,159.96
LTC,2021-12-11,152.89,159.57,146.03,155.92
LTC,2021-12-10,154.54,159.64,148.85,153.0
LTC,2021-12-09,164.42,167.0,152.41,154.54
LTC,2021-12-08,161.01,169.57,156.85,164.42
LTC,2021-12-07,159.46,165.86,158.56,161.05
LTC,2021-12-06,155.49,160.3,141.59,159.25
LTC,2021-12-05,162.55,166.66,148.54,155.49
LTC,2021-12-04,189.49,190.3,134.52,162.55
LTC,2021-12-03,206.11,207.94,180.9,190.11
LTC,2021-12-02,207.56,210.06,200.47,206.11
LTC,2021-12-01,209.15,217.72,205.72,207.42
LTC,2021-11-30,206.99,219.0,197.72,209.15
LTC,2021-11-29,197.55,209.53,194.17,207.13
LTC,2021-11-28,193.98,197.87,182.81,197.55
LTC,2021-11-27,197.98,201.08,191.01,193.98
LTC,2021-11-26,221.91,225.47,190.45,198.58
LTC,2021-11-25,210.79,229.69,210.36,221.91
LTC,2021-11-24,214.52,218.49,206.37,210.79
LTC,2021-11-23,208.54,214.99,205.74,214.52
LTC,2021-11-22,227.05,227.75,205.65,208.59
LTC,2021-11-21,226.14,230.25,219.77,227.05
LTC,2021-11-20,217.44,227.78,213.42,225.97
LTC,2021-11-19,205.1,221.31,199.88,217.2
LTC,2021-11-18,226.42,232.2,200.15,205.09
LTC,2021-11-17,233.6,235.17,218.97,226.42
LTC,2021-11-16,263.17,265.63,224.75,233.51
LTC,2021-11-15,272.66,281.32,259.32,263.42
LTC,2021-11-14,257.05,273.49,248.64,272.15
LTC,2021-11-13,252.3,263.99,245.45,256.87
LTC,2021-11-12,265.2,282.6,244.45,252.31
LTC,2021-11-11,256.3,274.12,251.1,265.2
LTC,2021-11-10,269.56,295.35,254.62,257.59
LTC,2021-11-09,225.33,274.4,224.62,269.7
LTC,2021-11-08,201.71,229.58,200.63,225.33
LTC,2021-11-07,196.91,201.76,196.91,201.71
LTC,2021-11-06,197.18,201.26,191.56,196.91
LTC,2021-11-05,201.54,204.09,197.01,197.34
LTC,2021-11-04,208.45,208.81,196.58,201.54
LTC,2021-11-03,200.34,209.3,197.38,208.51
LTC,2021-11-02,193.41,204.68,192.66,200.64
LTC,2021-11-01,191.55,200.58,188.3,193.32
LTC,2021-10-31,191.73,195.08,186.85,191.46
LTC,2021-10-30,194.6,198.5,189.24,191.73
LTC,2021-10-29,192.4,196.52,188.71,194.6
LTC,2021-10-28,183.75,194.36,178.0,192.48
LTC,2021-10-27,196.18,204.88,174.12,183.8
LTC,2021-10-26,194.46,197.39,190.62,196.18
LTC,2021-10-25,189.54,197.12,189.12,194.46
LTC,2021-10-24,195.11,199.6,185.47,189.51
LTC,2021-10-23,192.67,197.42,188.22,195.1
LTC,2021-10-22,198.44,201.37,190.61,192.67
LTC,2021-10-21,207.18,214.45,195.88,198.44
LTC,2021-10-20,186.08,209.11,185.87,207.35
LTC,2021-10-19,185.18,191.46,183.32,186.08
LTC,2021-10-18,178.9,187.42,178.8,185.05
LTC,2021-10-17,186.44,187.88,177.33,178.9
LTC,2021-10-16,192.17,192.28,185.14,186.72
LTC,2021-10-15,179.54,192.63,176.87,191.41
LTC,2021-10-14,176.2,185.89,175.95,179.54
LTC,2021-10-13,172.18,178.67,167.84,176.17
LTC,2021-10-12,175.73,179.43,166.74,172.11
LTC,2021-10-11,178.37,185.17,173.22,176.0
LTC,2021-10-10,181.11,183.84,176.6,178.37
LTC,2021-10-09,175.31,182.76,174.69,181.11
LTC,2021-10-08,179.96,183.38,174.51,175.38
LTC,2021-10-07,181.43,186.93,173.43,179.96
LTC,2021-10-06,174.66,182.86,164.0,181.43
LTC,2021-10-05,168.08,175.4,166.0,174.66
LTC,2021-10-04,171.0,171.54,161.55,168.08
LTC,2021-10-03,170.89,174.9,166.02,171.0
LTC,2021-10-02,166.14,172.63,164.78,170.89
LTC,2021-10-01,151.23,167.17,151.22,166.14
LTC,2021-09-30,143.34,154.37,143.01,151.23
LTC,2021-09-29,144.32,149.82,139.99,143.34
LTC,2021-09-28,147.75,149.85,142.27,144.32
LTC,2021-09-27,152.57,154.91,147.19,147.75
LTC,2021-09-26,151.34,153.47,142.37,152.57
LTC,2021-09-25,151.36,155.97,149.06,151.7
LTC,2021-09-24,163.6,166.38,142.04,151.37
LTC,2021-09-23,160.36,164.72,157.45,163.6
LTC,2021-09-22,151.32,161.8,145.0,160.36
LTC,2021-09-21,158.4,162.04,150.56,151.32
LTC,2021-09-20,177.01,177.62,153.88,157.87
LTC,2021-09-19,179.69,181.6,174.69,177.01
LTC,2021-09-18,179.0,185.51,178.07,179.69
LTC,2021-09-17,182.14,190.15,178.25,179.14
LTC,2021-09-16,184.23,195.11,181.75,182.28
LTC,2021-09-15,181.48,185.96,179.61,184.39
LTC,2021-09-14,183.36,187.87,176.31,181.51
LTC,2021-09-13,177.74,236.12,171.03,183.08
LTC,2021-09-12,182.45,185.83,175.37,176.94
LTC,2021-09-11,173.4,186.0,171.27,182.45
LTC,2021-09-10,180.39,187.27,171.54,173.5
LTC,2021-09-09,179.87,188.64,176.85,180.39
LTC,2021-09-08,177.6,188.52,169.9,180.19
LTC,2021-09-07,222.69,223.38,164.33,177.04
LTC,2021-09-06,225.73,232.41,216.78,222.69
LTC,2021-09-05,214.16,229.23,210.76,225.28
LTC,2021-09-04,212.33,225.07,207.03,213.97
LTC,2021-09-03,187.74,217.63,180.08,212.41
LTC,2021-09-02,180.11,187.6,179.55,187.6
LTC,2021-09-01,171.88,180.82,168.91,180.18
LTC,2021-08-31,175.01,175.27,165.76,171.64
LTC,2021-08-30,175.48,177.81,167.8,175.01
LTC,2021-08-29,172.78,182.76,172.78,175.48
LTC,2021-08-28,175.07,177.0,171.54,172.83
LTC,2021-08-27,169.81,175.6,165.25,175.04
LTC,2021-08-26,177.05,180.15,165.32,169.81
LTC,2021-08-25,176.74,178.87,169.89,177.03
LTC,2021-08-24,186.3,188.44,172.54,176.78
LTC,2021-08-23,179.82,191.68,179.02,186.14
LTC,2021-08-22,178.3,189.56,177.82,179.82
LTC,2021-08-21,180.84,184.43,176.98,177.94
LTC,2021-08-20,174.0,183.97,173.36,180.84
LTC,2021-08-19,165.05,174.96,162.8,174.01
LTC,2021-08-18,172.99,174.48,163.22,165.19
LTC,2021-08-17,179.94,184.24,169.91,173.02
LTC,2021-08-16,183.63,188.94,177.73,179.94
LTC,2021-08-15,178.86,186.38,175.29,183.42
LTC,2021-08-14,181.29,185.0,175.2,178.82
LTC,2021-08-13,165.98,182.7,161.97,181.09
LTC,2021-08-12,174.26,179.61,160.85,165.68
LTC,2021-08-11,167.02,176.0,164.29,174.26
LTC,2021-08-10,164.29,168.49,159.04,166.75
LTC,2021-08-09,148.68,170.52,145.41,164.56
LTC,2021-08-08,154.6,157.56,147.36,148.68
LTC,2021-08-07,148.66,156.21,147.0,154.6
LTC,2021-08-06,144.34,150.72,142.02,148.66
LTC,2021-08-05,143.64,144.78,136.32,144.33
LTC,2021-08-04,139.16,144.0,135.65,143.63
LTC,2021-08-03,139.78,143.2,135.86,139.16
LTC,2021-08-02,146.2,146.72,138.22,139.78
LTC,2021-08-01,143.91,149.79,143.09,146.2
LTC,2021-07-31,142.52,146.53,142.01,143.91
LTC,2021-07-30,140.94,143.66,136.02,142.48
LTC,2021-07-29,138.29,141.95,136.96,140.94
LTC,2021-07-28,133.06,140.43,132.55,138.44
LTC,2021-07-27,132.62,134.54,127.45,133.14
LTC,2021-07-26,124.7,140.32,124.56,132.54
LTC,2021-07-25,123.85,127.99,123.66,124.7
LTC,2021-07-24,120.0,127.74,119.86,123.85
LTC,2021-07-23,120.18,123.52,117.07,120.0
LTC,2021-07-22,116.51,121.9,115.68,120.18
LTC,2021-07-21,109.18,119.1,105.15,116.59
LTC,2021-07-20,113.8,114.98,103.95,109.18
LTC,2021-07-19,119.15,121.99,111.91,113.8
LTC,2021-07-18,121.24,124.03,116.75,119.4
LTC,2021-07-17,123.51,124.26,117.78,121.27
LTC,2021-07-16,125.28,127.69,120.97,123.51
LTC,2021-07-15,131.18,132.98,122.09,125.28
LTC,2021-07-14,131.31,131.97,124.0,131.37
LTC,2021-07-13,132.55,134.5,129.61,131.16
LTC,2021-07-12,133.74,139.62,131.87,132.55
LTC,2021-07-11,133.9,135.83,132.25,133.74
LTC,2021-07-10,133.66,136.67,130.52,132.18
LTC,2021-07-09,131.58,135.36,126.3,133.66
LTC,2021-07-08,139.6,139.6,128.01,131.58
LTC,2021-07-07,137.23,142.9,135.9,139.6
LTC,2021-07-06,138.8,142.69,135.77,137.23
LTC,2021-07-05,146.07,147.98,134.29,138.8
LTC,2021-07-04,139.73,147.0,136.99,146.07
LTC,2021-07-03,133.17,141.34,133.08,139.72
LTC,2021-07-02,136.42,138.93,130.69,133.17
LTC,2021-07-01,142.34,144.51,134.35,136.12
LTC,2021-06-30,144.74,146.76,136.17,142.43
LTC,2021-06-29,137.31,149.16,135.93,144.74
LTC,2021-06-28,125.5,138.9,125.06,137.31
LTC,2021-06-27,124.2,129.94,124.14,125.5
LTC,2021-06-26,128.63,129.31,118.87,121.99
LTC,2021-06-25,136.06,138.33,125.21,128.83
LTC,2021-06-24,125.34,137.31,123.8,136.06
LTC,2021-06-23,122.51,133.74,117.5,125.34
LTC,2021-06-22,134.0,134.0,105.04,122.51
LTC,2021-06-21,155.89,156.0,127.96,134.22
LTC,2021-06-20,156.4,156.43,143.97,155.89
LTC,2021-06-19,154.27,160.88,153.58,156.4
LTC,2021-06-18,164.36,167.42,151.91,154.27
LTC,2021-06-17,167.9,173.31,163.08,164.17
LTC,2021-06-16,173.22,177.14,164.68,168.25
LTC,2021-06-15,173.87,180.95,172.37,173.22
LTC,2021-06-14,173.28,177.82,172.96,173.7
LTC,2021-06-13,162.55,171.24,157.4,171.24
LTC,2021-06-12,163.75,163.75,154.8,162.55
LTC,2021-06-11,167.17,172.5,165.25,163.75
LTC,2021-06-10,169.75,174.45,162.38,166.85
LTC,2021-06-09,161.7,172.96,152.67,169.79
LTC,2021-06-08,168.42,169.21,145.46,161.6
LTC,2021-06-07,175.0,182.21,166.84,168.71
LTC,2021-06-06,173.66,179.98,168.37,175.0
LTC,2021-06-05,179.34,185.42,170.67,173.89
LTC,2021-06-04,190.5,193.74,169.66,179.34
LTC,2021-06-03,186.14,197.7,182.41,190.45
LTC,2021-06-02,180.73,191.18,178.66,186.14
LTC,2021-06-01,182.2,193.0,176.01,180.83
LTC,2021-05-31,173.4,187.01,164.09,182.2
LTC,2021-05-30,161.62,181.04,156.01,174.14
LTC,2021-05-29,175.92,188.43,157.9,161.41
LTC,2021-05-28,192.5,198.47,165.97,176.08
LTC,2021-05-27,194.95,208.43,180.78,192.42
LTC,2021-05-26,173.74,204.14,172.59,194.46
LTC,2021-05-25,178.41,194.6,167.64,173.55
LTC,2021-05-24,137.93,182.99,137.34,178.02
LTC,2021-05-23,174.5,176.14,118.93,138.04
LTC,2021-05-22,168.8,184.47,157.0,174.46
LTC,2021-05-21,208.03,219.25,167.8,168.5
LTC,2021-05-20,199.68,225.01,167.49,207.98
LTC,2021-05-19,294.97,300.42,140.22,198.49
LTC,2021-05-18,289.52,318.17,274.26,294.51
LTC,2021-05-17,284.54,296.94,262.38,291.25
LTC,2021-05-16,309.22,323.68,282.1,283.39
LTC,2021-05-15,318.79,331.78,296.86,309.58
LTC,2021-05-14,305.49,339.28,300.26,318.89
LTC,2021-05-13,356.98,359.99,292.44,305.38
LTC,2021-05-12,373.35,394.06,338.62,357.44
LTC,2021-05-11,359.8,375.51,345.76,373.64
LTC,2021-05-10,361.8,413.22,341.31,360.8
LTC,2021-05-09,346.04,369.34,335.13,361.52
LTC,2021-05-08,348.97,356.67,334.02,345.93
LTC,2021-05-07,329.4,372.7,329.4,348.97
LTC,2021-05-06,347.75,364.71,323.32,329.26
LTC,2021-05-05,316.07,359.97,301.42,347.75
LTC,2021-05-04,289.85,325.54,274.29,314.84
LTC,2021-05-03,271.07,299.7,267.26,290.18
LTC,2021-05-02,273.13,278.34,265.23,271.07
LTC,2021-05-01,266.68,274.99,265.08,273.0
LTC,2021-04-30,250.85,271.09,250.11,266.52
LTC,2021-04-29,253.28,262.86,248.96,250.85
LTC,2021-04-28,260.23,266.74,248.43,253.28
LTC,2021-04-27,240.33,263.04,237.56,261.16
LTC,2021-04-26,217.79,248.34,211.88,240.62
LTC,2021-04-25,231.78,235.76,217.89,218.83
LTC,2021-04-24,236.03,241.59,221.11,231.16
LTC,2021-04-23,255.5,259.2,211.85,235.65
LTC,2021-04-22,266.11,289.44,251.95,257.7
LTC,2021-04-21,266.76,276.71,251.3,265.08
LTC,2021-04-20,271.71,272.72,234.73,266.72
LTC,2021-04-19,273.65,282.29,251.38,270.46
LTC,2021-04-18,313.71,321.71,233.86,273.51
LTC,2021-04-17,310.2,335.25,297.5,314.3
LTC,2021-04-16,286.98,316.7,267.8,309.41
LTC,2021-04-15,266.98,288.57,266.34,287.62
LTC,2021-04-14,266.42,282.8,257.11,266.98
LTC,2021-04-13,244.69,273.14,243.52,266.42
LTC,2021-04-12,250.29,258.51,240.37,244.36
LTC,2021-04-11,237.79,263.1,237.77,250.86
LTC,2021-04-10,223.42,249.41,218.7,238.59
LTC,2021-04-09,223.73,228.98,221.62,223.4
LTC,2021-04-08,220.3,227.38,217.17,223.72
LTC,2021-04-07,242.94,243.26,211.96,219.99
LTC,2021-04-06,217.54,244.28,215.34,242.99
LTC,2021-04-05,201.23,220.72,198.05,217.54
LTC,2021-04-04,202.46,204.72,192.59,201.23
LTC,2021-04-03,206.64,217.64,200.19,202.9
LTC,2021-04-02,201.2,211.52,199.8,207.16
LTC,2021-04-01,195.81,204.96,194.31,201.28
LTC,2021-03-31,194.5,198.9,187.65,195.72
LTC,2021-03-30,194.04,199.97,190.26,194.45
LTC,2021-03-29,180.89,197.42,180.89,193.9
LTC,2021-03-28,183.34,187.19,180.08,180.89
LTC,2021-03-27,182.98,184.51,177.76,183.34
LTC,2021-03-26,174.39,183.04,171.5,182.91
LTC,2021-03-25,187.43,188.09,167.79,174.38
LTC,2021-03-24,183.88,196.89,180.63,188.18
LTC,2021-03-23,185.11,189.5,182.95,183.54
LTC,2021-03-22,198.23,198.75,186.48,186.6
LTC,2021-03-21,201.28,203.38,192.37,198.03
LTC,2021-03-20,201.05,206.15,199.0,201.28
LTC,2021-03-19,199.39,204.9,195.98,201.1
LTC,2021-03-18,202.9,208.01,199.4,199.6
LTC,2021-03-17,199.75,206.54,194.54,202.91
LTC,2021-03-16,202.84,205.01,191.28,199.97
LTC,2021-03-15,218.85,222.26,197.79,202.84
LTC,2021-03-14,226.0,228.45,215.1,218.87
LTC,2021-03-13,223.39,229.92,212.94,225.83
LTC,2021-03-12,200.79,223.39,198.77,223.15
LTC,2021-03-11,203.71,205.09,191.24,200.8
LTC,2021-03-10,199.31,208.14,191.91,203.23
LTC,2021-03-09,189.15,203.34,188.48,199.17
LTC,2021-03-08,187.06,195.0,180.12,188.82
LTC,2021-03-07,180.69,189.6,180.65,187.06
LTC,2021-03-06,180.32,184.58,174.71,180.42
LTC,2021-03-05,179.11,182.0,168.83,180.34
LTC,2021-03-04,189.47,194.34,177.01,179.1
LTC,2021-03-03,172.67,196.26,172.53,189.3
LTC,2021-03-02,172.35,185.0,170.81,172.9
LTC,2021-03-01,165.83,176.39,163.3,172.35
LTC,2021-02-28,173.97,173.97,153.16,165.83
LTC,2021-02-27,167.55,180.31,166.0,173.97
LTC,2021-02-26,185.67,190.33,162.93,167.29
LTC,2021-02-25,176.8,204.9,172.14,186.19
LTC,2021-02-24,173.66,189.54,169.35,177.23
LTC,2021-02-23,209.32,209.81,159.48,173.76
LTC,2021-02-22,226.79,228.25,155.0,209.77
LTC,2021-02-21,232.31,233.53,217.74,226.79
LTC,2021-02-20,238.1,247.05,229.29,232.36
LTC,2021-02-19,229.54,241.74,220.55,238.0
LTC,2021-02-18,236.2,238.86,221.38,229.41
LTC,2021-02-17,206.23,237.0,203.56,236.74
LTC,2021-02-16,211.71,221.94,200.45,206.47
LTC,2021-02-15,218.37,220.24,188.59,211.84
LTC,2021-02-14,221.87,230.72,209.01,218.66
LTC,2021-02-13,195.13,227.32,192.37,221.97
LTC,2021-02-12,182.86,198.09,177.38,195.09
LTC,2021-02-11,180.12,193.03,176.29,182.89
LTC,2021-02-10,176.77,194.92,171.6,180.12
LTC,2021-02-09,164.45,178.29,163.32,177.26
LTC,2021-02-08,150.71,168.04,148.13,164.57
LTC,2021-02-07,158.08,159.24,145.6,150.7
LTC,2021-02-06,152.99,164.11,150.29,158.28
LTC,2021-02-05,148.6,156.8,143.81,153.02
LTC,2021-02-04,155.08,158.66,142.44,148.6
LTC,2021-02-03,142.21,156.17,142.14,155.0
LTC,2021-02-02,131.96,145.92,131.86,142.17
LTC,2021-02-01,127.73,136.42,126.03,131.78
LTC,2021-01-31,134.21,135.0,125.85,127.72
LTC,2021-01-30,136.28,138.76,128.48,134.21
LTC,2021-01-29,133.15,145.49,131.75,136.28
LTC,2021-01-28,123.97,133.16,121.04,133.16
LTC,2021-01-27,133.49,136.44,118.23,123.96
LTC,2021-01-26,138.58,139.62,128.5,133.82
LTC,2021-01-25,138.27,147.6,136.99,138.55
LTC,2021-01-24,139.52,142.54,134.08,138.25
LTC,2021-01-23,138.27,143.16,135.24,139.52
LTC,2021-01-22,131.95,141.83,122.68,138.31
LTC,2021-01-21,146.66,150.22,129.96,132.08
LTC,2021-01-20,158.62,159.88,138.83,146.66
LTC,2021-01-19,149.1,166.08,148.72,158.84
LTC,2021-01-18,145.43,154.63,138.48,149.1
LTC,2021-01-17,144.05,146.92,136.62,145.43
LTC,2021-01-16,141.05,152.57,139.6,143.51
LTC,2021-01-15,149.94,155.29,130.86,141.05
LTC,2021-01-14,145.35,156.62,143.5,149.92
LTC,2021-01-13,137.09,145.54,125.87,145.25
LTC,2021-01-12,131.1,146.8,128.12,137.0
LTC,2021-01-11,169.08,172.53,113.66,131.26
LTC,2021-01-10,178.06,185.97,162.29,169.08
LTC,2021-01-09,169.4,177.85,163.71,177.73
LTC,2021-01-08,173.44,181.59,151.05,169.23
LTC,2021-01-07,165.55,181.04,162.5,172.96
LTC,2021-01-06,158.14,169.9,155.5,165.56
LTC,2021-01-05,150.41,160.0,146.79,158.1
LTC,2021-01-04,155.89,174.11,141.0,150.4
LTC,2021-01-03,134.76,159.76,134.1,155.9
LTC,2021-01-02,125.62,140.91,123.69,134.69
LTC,2021-01-01,124.22,133.85,123.21,125.7
LTC,2020-12-31,127.58,130.28,122.21,124.22
LTC,2020-12-30,126.31,132.77,123.01,127.57
LTC,2020-12-29,129.09,131.21,120.04,126.31
LTC,2020-12-28,127.07,136.88,126.33,129.07
LTC,2020-12-27,132.8,139.18,122.42,127.0
LTC,2020-12-26,121.29,134.85,121.09,132.58
LTC,2020-12-25,106.95,124.79,106.95,121.38
LTC,2020-12-24,103.36,109.61,96.36,107.02
LTC,2020-12-23,108.77,117.11,100.71,103.36
LTC,2020-12-22,107.06,113.43,98.63,108.73
LTC,2020-12-21,113.15,118.49,101.56,107.08
LTC,2020-12-20,123.49,123.98,113.31,113.97
LTC,2020-12-19,107.61,124.4,105.55,123.48
LTC,2020-12-18,101.78,112.81,99.51,107.6
LTC,2020-12-17,91.37,109.78,91.04,101.54
LTC,2020-12-16,82.0,91.72,78.83,91.37
LTC,2020-12-15,81.36,84.9,80.53,81.99
LTC,2020-12-14,82.23,82.92,79.22,81.36
LTC,2020-12-13,76.94,84.24,75.68,82.24
LTC,2020-12-12,73.02,77.6,71.92,76.97
LTC,2020-12-11,75.04,75.44,70.14,73.02
LTC,2020-12-10,77.47,78.19,73.41,75.04
LTC,2020-12-09,77.78,78.31,72.42,77.58
LTC,2020-12-08,83.2,84.81,76.89,77.78
LTC,2020-12-07,82.85,86.72,81.84,83.2
LTC,2020-12-06,82.67,85.19,80.44,82.84
LTC,2020-12-05,81.62,84.42,78.64,82.67
LTC,2020-12-04,88.91,89.83,80.96,81.61
LTC,2020-12-03,89.85,91.32,85.76,88.92
LTC,2020-12-01,86.6,92.9,80.6,91.0
LTC,2020-11-30,79.83,88.13,76.77,86.6
LTC,2020-11-29,73.38,81.04,71.65,79.84
LTC,2020-11-28,68.9,74.93,68.22,73.83
LTC,2020-11-27,69.4,73.5,65.28,68.85
LTC,2020-11-26,83.72,83.72,64.75,69.15
LTC,2020-11-25,88.49,90.67,82.59,83.81
LTC,2020-11-24,87.95,93.95,86.54,88.49
LTC,2020-11-23,85.19,90.75,81.0,87.93
LTC,2020-11-22,86.21,87.9,78.16,85.34
LTC,2020-11-21,83.8,87.03,80.74,86.24
LTC,2020-11-20,81.21,85.69,80.22,83.81
LTC,2020-11-19,73.4,83.51,71.67,81.08
LTC,2020-11-18,74.55,77.11,68.54,73.5
LTC,2020-11-17,71.0,75.91,70.51,74.55
LTC,2020-11-16,61.88,72.51,61.12,70.76
LTC,2020-11-15,63.01,64.43,61.52,61.85
LTC,2020-11-14,65.71,66.26,61.82,63.01
LTC,2020-11-13,58.98,66.61,58.98,65.67
LTC,2020-11-12,59.61,60.52,57.81,58.98
LTC,2020-11-11,58.31,60.59,57.93,59.63
LTC,2020-11-10,59.32,59.62,57.14,58.3
LTC,2020-11-09,60.27,61.77,57.53,59.32
LTC,2020-11-08,59.03,62.03,58.27,60.27
LTC,2020-11-07,61.33,64.83,57.12,59.03
LTC,2020-11-06,58.49,63.11,58.49,61.46
LTC,2020-11-05,54.53,59.64,54.52,58.59
LTC,2020-11-04,53.64,55.0,51.77,54.56
LTC,2020-11-03,54.12,54.37,51.64,53.64
LTC,2020-11-02,55.99,56.8,53.17,54.12
LTC,2020-11-01,56.14,56.24,54.24,55.95
LTC,2020-10-31,54.17,56.43,53.69,56.14
LTC,2020-10-30,55.11,55.8,52.48,54.17
LTC,2020-10-29,55.72,56.55,53.51,55.07
LTC,2020-10-28,57.63,60.49,54.96,55.74
LTC,2020-10-27,56.68,59.12,56.45,57.63
LTC,2020-10-26,59.1,59.26,55.24,56.6
LTC,2020-10-25,59.32,59.97,56.58,59.09
LTC,2020-10-24,55.73,59.58,54.96,59.32
LTC,2020-10-23,54.67,56.91,53.16,55.69
LTC,2020-10-22,53.04,56.28,52.87,54.67
LTC,2020-10-21,46.98,53.33,46.77,53.04
LTC,2020-10-20,48.1,48.4,46.5,46.98
LTC,2020-10-19,47.35,48.45,46.84,48.1
LTC,2020-10-18,46.9,47.9,46.65,47.4
LTC,2020-10-17,47.33,47.78,46.42,46.9
LTC,2020-10-16,49.65,49.88,45.84,47.33
LTC,2020-10-15,49.6,50.18,48.95,49.65
LTC,2020-10-14,49.82,51.06,49.34,49.6
LTC,2020-10-13,51.1,51.54,48.93,49.82
LTC,2020-10-12,50.47,51.35,49.49,51.1
LTC,2020-10-11,49.24,51.23,48.51,50.47
LTC,2020-10-10,47.68,50.33,47.68,49.24
LTC,2020-10-09,47.35,48.17,46.68,47.68
LTC,2020-10-08,46.69,47.5,45.6,47.35
LTC,2020-10-07,45.73,46.9,45.07,46.74
LTC,2020-10-06,45.99,48.2,45.61,45.73
LTC,2020-10-05,46.75,47.03,45.59,45.96
LTC,2020-10-04,45.78,47.03,45.36,46.75
LTC,2020-10-03,45.02,45.96,44.51,45.78
LTC,2020-10-02,46.21,46.93,43.82,44.97
LTC,2020-10-01,45.91,48.47,45.33,46.23
LTC,2020-09-30,45.39,46.59,45.34,45.84
LTC,2020-09-29,46.2,46.33,44.83,45.45
LTC,2020-09-28,45.93,47.14,45.73,46.21
LTC,2020-09-27,46.1,46.54,44.63,45.93
LTC,2020-09-26,46.13,46.52,45.19,46.12
LTC,2020-09-25,45.02,46.53,44.01,46.12
LTC,2020-09-24,43.01,45.21,42.61,45.05
LTC,2020-09-23,44.07,45.1,42.31,42.72
LTC,2020-09-22,43.74,44.34,42.83,44.07
LTC,2020-09-21,46.87,47.65,42.11,43.74
LTC,2020-09-20,48.49,48.57,46.26,46.87
LTC,2020-09-19,48.07,48.88,48.04,48.47
LTC,2020-09-18,49.17,49.35,47.57,48.07
LTC,2020-09-17,48.02,49.57,47.68,49.17
LTC,2020-09-16,48.64,49.06,47.2,48.11
LTC,2020-09-15,48.86,50.24,48.43,48.65
LTC,2020-09-14,47.95,49.58,47.22,48.86
LTC,2020-09-13,50.89,51.17,47.37,47.96
LTC,2020-09-12,48.93,51.28,48.43,50.89
LTC,2020-09-11,48.41,49.23,47.41,48.95
LTC,2020-09-10,48.15,49.44,47.65,48.41
LTC,2020-09-09,46.99,48.86,46.05,48.15
LTC,2020-09-08,47.91,49.31,46.47,46.99
LTC,2020-09-07,48.23,48.84,45.27,47.82
LTC,2020-09-06,47.41,49.1,46.25,48.23
LTC,2020-09-05,51.21,51.47,45.63,47.41
LTC,2020-09-04,53.52,53.69,45.73,51.21
LTC,2020-09-03,58.03,58.62,52.1,53.5
LTC,2020-09-02,63.64,64.36,56.93,58.02
LTC,2020-09-01,60.92,64.3,60.01,63.72
LTC,2020-08-31,62.12,63.63,60.6,60.89
LTC,2020-08-30,57.64,62.44,56.99,62.07
LTC,2020-08-29,56.85,58.26,56.46,57.64
LTC,2020-08-28,55.41,58.23,55.29,56.85
LTC,2020-08-27,58.6,59.27,54.1,55.41
LTC,2020-08-26,57.72,59.2,57.09,58.58
LTC,2020-08-25,62.08,62.5,56.7,57.72
LTC,2020-08-24,60.96,62.98,60.0,62.08
LTC,2020-08-23,59.39,61.63,58.1,60.96
LTC,2020-08-22,60.18,60.46,57.84,59.36
LTC,2020-08-21,62.7,63.88,59.44,60.15
LTC,2020-08-20,60.86,63.66,60.86,62.7
LTC,2020-08-19,67.02,67.58,58.9,60.84
LTC,2020-08-18,67.58,68.95,63.57,67.02
LTC,2020-08-17,61.54,68.08,61.48,67.55
LTC,2020-08-16,60.15,62.87,58.61,61.54
LTC,2020-08-15,56.96,60.85,56.53,60.15
LTC,2020-08-14,55.21,57.94,55.03,56.96
LTC,2020-08-13,54.76,55.25,51.98,55.08
LTC,2020-08-12,53.06,55.09,51.95,54.76
LTC,2020-08-11,58.15,59.73,52.52,53.29
LTC,2020-08-10,57.06,59.39,56.73,58.26
LTC,2020-08-09,57.56,58.75,56.15,57.08
LTC,2020-08-08,57.35,58.49,56.53,57.56
LTC,2020-08-07,59.67,61.0,55.4,57.28
LTC,2020-08-06,59.42,60.73,57.73,59.67
LTC,2020-08-05,57.51,59.55,56.89,59.42
LTC,2020-08-04,58.95,59.56,56.43,57.51
LTC,2020-08-03,57.21,60.0,56.02,58.9
LTC,2020-08-02,61.84,65.22,53.91,57.25
LTC,2020-08-01,58.24,62.07,57.63,61.84
LTC,2020-07-31,57.64,59.22,55.82,58.24
LTC,2020-07-30,55.99,58.59,53.98,57.64
LTC,2020-07-29,56.89,57.05,54.88,55.78
LTC,2020-07-28,54.63,57.73,51.79,56.71
LTC,2020-07-27,47.92,54.98,47.07,54.58
LTC,2020-07-26,49.4,50.71,47.72,47.92
LTC,2020-07-25,44.53,49.4,44.14,49.4
LTC,2020-07-24,44.85,45.17,44.01,44.53
LTC,2020-07-23,43.76,45.7,43.68,44.84
LTC,2020-07-22,43.57,43.97,43.23,43.76
LTC,2020-07-21,41.91,44.13,41.88,43.57
LTC,2020-07-20,42.45,42.83,41.53,41.91
LTC,2020-07-19,42.75,42.75,41.97,42.45
LTC,2020-07-18,41.94,42.86,41.8,42.75
LTC,2020-07-17,41.93,42.41,41.71,41.94
LTC,2020-07-16,43.26,43.4,41.1,41.93
LTC,2020-07-15,43.76,44.05,42.91,43.25
LTC,2020-07-14,43.79,44.07,42.9,43.76
LTC,2020-07-13,44.3,45.58,42.64,43.79
LTC,2020-07-12,44.39,45.23,43.76,44.3
LTC,2020-07-11,44.07,44.63,43.91,44.39
LTC,2020-07-10,44.08,44.54,43.5,44.07
LTC,2020-07-09,45.22,45.83,43.6,44.09
LTC,2020-07-08,43.32,45.58,43.11,45.22
LTC,2020-07-07,43.5,44.44,43.09,43.16
LTC,2020-07-06,41.41,44.13,40.85,43.5
LTC,2020-07-05,41.91,42.16,41.11,41.41
LTC,2020-07-04,41.41,42.21,41.03,41.91
LTC,2020-07-03,40.92,41.64,40.86,41.41
LTC,2020-07-02,41.72,41.99,40.32,40.92
LTC,2020-07-01,41.17,41.99,40.99,41.72
LTC,2020-06-30,41.7,42.21,40.78,41.17
LTC,2020-06-29,41.3,41.7,40.6,41.7
LTC,2020-06-28,40.55,41.98,40.45,41.3
LTC,2020-06-27,43.28,43.34,39.43,40.55
LTC,2020-06-26,42.43,43.5,41.41,43.27
LTC,2020-06-25,42.58,42.93,41.64,42.43
LTC,2020-06-24,44.16,44.59,42.2,42.58
LTC,2020-06-23,44.4,44.62,43.89,44.16
LTC,2020-06-22,42.99,44.49,42.89,44.4
LTC,2020-06-21,43.34,43.81,42.99,42.99
LTC,2020-06-20,42.94,43.44,42.5,43.34
LTC,2020-06-19,43.14,43.6,42.83,42.94
LTC,2020-06-18,43.63,44.16,43.0,43.14
LTC,2020-06-17,43.76,44.97,43.07,43.64
LTC,2020-06-16,44.02,44.24,43.43,43.76
LTC,2020-06-15,44.3,44.3,41.78,44.0
LTC,2020-06-14,44.77,45.15,43.87,44.3
LTC,2020-06-13,44.82,45.2,44.31,44.77
LTC,2020-06-12,43.63,45.31,42.77,44.84
LTC,2020-06-11,46.66,46.91,42.21,43.63
LTC,2020-06-10,45.85,75.44,45.63,46.72
LTC,2020-06-09,46.13,46.84,45.42,45.85
LTC,2020-06-08,46.62,46.84,46.02,46.11
LTC,2020-06-07,46.89,46.93,45.18,46.62
LTC,2020-06-06,47.08,47.19,46.2,46.89
LTC,2020-06-05,47.2,47.97,46.46,47.08
LTC,2020-06-04,47.01,48.08,46.46,47.2
LTC,2020-06-03,45.7,47.43,45.3,47.01
LTC,2020-06-02,47.4,49.89,44.64,45.7
LTC,2020-06-01,46.54,47.48,45.17,47.4
LTC,2020-05-31,46.64,47.92,46.06,46.58
LTC,2020-05-30,44.52,47.25,44.21,46.64
LTC,2020-05-29,44.33,45.22,44.18,44.52
LTC,2020-05-28,43.58,44.55,43.2,44.32
LTC,2020-05-27,42.5,43.97,42.18,43.58
LTC,2020-05-26,43.05,43.05,41.81,42.5
LTC,2020-05-25,43.14,43.39,41.77,43.05
LTC,2020-05-24,44.25,44.57,42.58,43.17
LTC,2020-05-23,44.45,44.72,43.69,44.25
LTC,2020-05-22,42.67,44.6,42.36,44.51
LTC,2020-05-21,44.26,44.6,41.6,42.67
LTC,2020-05-20,45.2,46.19,43.2,44.34
LTC,2020-05-19,45.0,45.61,44.08,45.2
LTC,2020-05-18,43.88,46.62,43.51,45.0
LTC,2020-05-17,43.2,44.49,43.15,43.88
LTC,2020-05-16,42.3,43.84,42.25,43.2
LTC,2020-05-15,43.87,44.17,41.88,42.3
LTC,2020-05-14,43.35,44.35,42.33,43.87
LTC,2020-05-13,42.4,43.56,41.38,43.35
LTC,2020-05-12,41.49,42.86,40.85,42.4
LTC,2020-05-11,41.9,42.92,39.41,41.49
LTC,2020-05-10,47.68,47.68,39.92,41.9
LTC,2020-05-09,47.97,49.07,46.81,47.62
LTC,2020-05-08,47.42,48.36,46.41,47.97
LTC,2020-05-07,46.38,48.19,44.55,47.35
LTC,2020-05-06,46.5,47.56,46.18,46.3
LTC,2020-05-05,47.03,47.79,45.78,46.5
LTC,2020-05-04,47.31,48.27,45.22,46.86
LTC,2020-05-03,49.43,49.99,46.85,47.31
LTC,2020-05-02,46.61,49.57,46.61,49.43
LTC,2020-05-01,47.1,48.3,46.29,46.61
LTC,2020-04-30,48.92,50.83,45.8,47.1
LTC,2020-04-29,44.93,49.76,44.76,48.87
LTC,2020-04-28,43.96,44.95,43.6,44.94
LTC,2020-04-27,44.5,45.09,43.33,43.96
LTC,2020-04-26,44.61,45.37,43.81,44.5
LTC,2020-04-25,44.66,45.57,43.92,44.65
LTC,2020-04-24,43.34,44.95,42.8,44.66
LTC,2020-04-23,41.89,43.81,41.07,43.34
LTC,2020-04-22,40.79,42.37,40.37,41.89
LTC,2020-04-21,40.62,41.37,40.18,40.79
LTC,2020-04-20,42.67,43.31,39.6,40.51
LTC,2020-04-19,43.7,44.48,41.85,42.69
LTC,2020-04-18,42.37,43.93,42.11,43.7
LTC,2020-04-17,42.58,43.11,41.72,42.37
LTC,2020-04-16,40.47,43.62,38.0,42.58
LTC,2020-04-15,41.21,41.74,40.18,40.47
LTC,2020-04-14,41.37,41.92,40.58,41.21
LTC,2020-04-13,43.35,43.49,39.77,41.22
LTC,2020-04-12,41.86,43.71,41.74,43.35
LTC,2020-04-11,42.42,43.15,41.51,41.86
LTC,2020-04-10,46.19,46.9,41.0,42.35
LTC,2020-04-09,46.28,46.86,44.87,46.04
LTC,2020-04-08,44.22,47.22,43.83,46.35
LTC,2020-04-07,44.1,47.69,43.92,44.22
LTC,2020-04-06,40.33,44.96,40.21,44.2
LTC,2020-04-05,40.53,41.02,40.01,40.33
LTC,2020-04-04,40.33,41.18,40.08,40.53
LTC,2020-04-03,39.89,41.31,39.66,40.33
LTC,2020-04-02,38.06,42.79,38.06,39.89
LTC,2020-04-01,39.23,39.38,37.37,38.06
LTC,2020-03-31,39.24,39.74,38.44,39.23
LTC,2020-03-30,37.36,39.5,37.04,39.32
LTC,2020-03-29,39.05,39.44,37.03,37.34
LTC,2020-03-28,40.17,40.33,36.67,39.05
LTC,2020-03-27,39.4,41.32,39.19,40.11
LTC,2020-03-26,38.96,39.91,38.54,39.39
LTC,2020-03-25,40.32,41.13,38.3,38.96
LTC,2020-03-24,38.99,40.8,38.32,40.32
LTC,2020-03-23,35.65,39.85,34.91,38.99
LTC,2020-03-22,39.18,39.84,35.27,35.65
LTC,2020-03-21,36.23,39.64,36.07,39.18
LTC,2020-03-20,39.69,43.79,34.26,36.09
LTC,2020-03-19,34.32,40.87,33.92,39.69
LTC,2020-03-18,35.04,35.37,32.39,34.29
LTC,2020-03-17,32.11,35.9,31.71,35.04
LTC,2020-03-16,34.99,38.55,29.39,32.11
LTC,2020-03-15,35.47,37.08,33.89,34.99
LTC,2020-03-14,36.13,38.58,34.51,35.47
LTC,2020-03-13,32.79,40.28,25.16,36.13
LTC,2020-03-12,48.37,48.9,30.34,33.07
LTC,2020-03-11,50.64,50.79,45.6,48.39
LTC,2020-03-10,49.08,51.39,48.58,50.64
LTC,2020-03-09,52.77,53.2,46.64,49.08
LTC,2020-03-08,60.77,60.87,51.32,53.0
LTC,2020-03-07,63.05,63.95,60.2,60.78
LTC,2020-03-06,62.37,63.85,61.31,62.95
LTC,2020-03-05,60.09,63.26,60.08,62.37
LTC,2020-03-04,60.78,61.75,58.91,60.09
LTC,2020-03-03,61.97,62.37,59.59,60.78
LTC,2020-03-02,56.47,62.28,56.47,61.97
LTC,2020-03-01,58.71,60.2,56.22,56.47
LTC,2020-02-29,59.99,61.59,58.26,58.72
LTC,2020-02-28,61.07,63.3,56.83,59.99
LTC,2020-02-27,60.72,65.17,57.26,60.96
LTC,2020-02-26,71.69,72.11,57.92,60.81
LTC,2020-02-25,73.9,76.02,69.64,71.62
LTC,2020-02-24,78.84,80.08,71.85,73.9
LTC,2020-02-23,75.57,80.1,74.65,78.84
LTC,2020-02-22,72.67,76.7,72.29,75.4
LTC,2020-02-21,69.29,75.27,68.65,72.67
LTC,2020-02-20,70.64,73.4,66.61,69.3
LTC,2020-02-19,77.48,79.56,68.29,70.72
LTC,2020-02-18,72.49,78.97,70.27,76.76
LTC,2020-02-17,71.49,75.8,68.79,72.49
LTC,2020-02-16,77.17,80.69,67.8,71.49
LTC,2020-02-15,82.96,83.85,75.0,77.17
LTC,2020-02-14,79.92,83.0,78.64,82.84
LTC,2020-02-13,81.21,84.2,77.28,80.18
LTC,2020-02-12,76.77,82.95,76.59,81.21
LTC,2020-02-11,73.65,77.5,72.63,76.77
LTC,2020-02-10,76.08,77.4,72.4,73.65
LTC,2020-02-09,77.31,78.4,75.18,76.08
LTC,2020-02-08,73.44,77.77,71.58,77.28
LTC,2020-02-07,73.23,75.26,72.55,73.43
LTC,2020-02-06,73.07,74.97,70.99,73.23
LTC,2020-02-05,67.47,73.32,67.26,73.04
LTC,2020-02-04,69.47,70.42,66.6,67.86
LTC,2020-02-03,71.85,72.85,68.42,69.47
LTC,2020-02-02,70.27,73.19,67.74,71.85
LTC,2020-02-01,67.94,72.7,67.46,70.27
LTC,2020-01-31,69.06,69.6,65.29,67.93
LTC,2020-01-30,60.1,69.99,58.12,68.94
LTC,2020-01-29,59.38,62.33,58.92,60.14
LTC,2020-01-28,58.94,61.39,57.3,59.38
LTC,2020-01-27,55.82,59.45,55.55,58.94
LTC,2020-01-26,53.7,56.45,52.81,55.82
LTC,2020-01-25,54.66,54.69,52.24,53.7
LTC,2020-01-24,54.22,55.3,50.65,54.77
LTC,2020-01-23,58.13,58.2,52.5,54.22
LTC,2020-01-22,57.17,59.1,56.93,58.06
LTC,2020-01-21,57.4,57.98,55.85,57.17
LTC,2020-01-20,56.98,58.13,55.79,57.4
LTC,2020-01-19,60.29,62.27,55.46,56.92
LTC,2020-01-18,61.15,62.5,57.94,60.29
LTC,2020-01-17,57.7,63.16,56.75,61.15
LTC,2020-01-16,58.28,59.13,54.7,57.76
LTC,2020-01-15,57.52,60.17,55.26,58.28
LTC,2020-01-14,49.88,60.71,49.54,57.52
LTC,2020-01-13,50.23,51.5,48.92,49.88
LTC,2020-01-12,50.44,51.41,48.83,50.23
LTC,2020-01-11,48.76,51.92,47.8,50.44
LTC,2020-01-10,44.31,49.62,43.85,48.64
LTC,2020-01-09,45.0,45.8,43.92,44.28
LTC,2020-01-08,46.2,48.57,44.26,45.0
LTC,2020-01-07,45.05,46.73,44.53,46.2
LTC,2020-01-06,43.3,45.34,43.02,45.05
LTC,2020-01-05,42.6,44.47,42.34,43.3
LTC,2020-01-04,41.41,42.79,41.41,42.6
LTC,2020-01-03,39.39,42.34,38.74,41.41
LTC,2020-01-02,41.6,41.6,39.16,39.39
LTC,2020-01-01,41.13,41.93,41.05,41.6
LTC,2019-12-31,42.23,42.94,40.86,41.18
LTC,2019-12-30,42.83,44.0,41.71,42.23
LTC,2019-12-29,42.89,43.67,42.14,42.83
LTC,2019-12-28,40.77,43.64,40.77,42.89
LTC,2019-12-27,40.11,41.29,39.61,40.77
LTC,2019-12-26,40.07,41.64,39.61,40.11
LTC,2019-12-25,40.69,40.72,39.42,40.09
LTC,2019-12-24,40.99,41.12,39.71,40.69
LTC,2019-12-23,41.98,42.64,40.89,40.99
LTC,2019-12-22,39.79,42.15,39.62,41.98
LTC,2019-12-21,40.22,40.3,39.53,39.79
LTC,2019-12-20,39.72,40.34,39.3,40.22
LTC,2019-12-19,40.84,41.37,39.14,39.72
LTC,2019-12-18,36.93,41.35,35.94,40.84
LTC,2019-12-17,40.04,40.14,36.57,36.93
LTC,2019-12-16,43.51,43.59,39.04,40.05
LTC,2019-12-15,43.38,43.87,42.93,43.51
LTC,2019-12-14,44.21,44.61,43.27,43.38
LTC,2019-12-13,43.79,44.44,43.41,44.21
LTC,2019-12-12,43.48,44.03,43.06,43.79
LTC,2019-12-11,43.85,44.38,43.31,43.42
LTC,2019-12-10,44.51,44.54,43.65,43.85
LTC,2019-12-09,45.69,45.86,44.13,44.51
LTC,2019-12-08,45.1,46.23,45.0,45.69
LTC,2019-12-07,45.16,46.51,45.1,45.1
LTC,2019-12-06,44.63,45.46,44.13,45.16
LTC,2019-12-05,44.62,45.18,43.78,44.63
LTC,2019-12-04,45.18,47.16,43.88,44.62
LTC,2019-12-03,45.49,46.25,44.44,45.18
LTC,2019-12-02,47.71,47.95,44.8,45.54
LTC,2019-12-01,47.32,48.36,45.59,47.71
LTC,2019-11-30,48.49,48.82,46.82,47.32
LTC,2019-11-29,47.29,49.3,46.45,48.61
LTC,2019-11-28,47.87,48.08,46.84,47.31
LTC,2019-11-27,46.89,48.75,44.67,47.87
LTC,2019-11-26,46.34,47.35,45.46,46.89
LTC,2019-11-25,45.14,47.45,42.16,46.34
LTC,2019-11-24,47.66,48.3,43.84,45.14
LTC,2019-11-23,48.35,48.42,46.35,47.66
LTC,2019-11-22,50.54,51.38,43.75,48.35
LTC,2019-11-21,55.03,55.18,48.75,50.6
LTC,2019-11-20,54.8,56.06,54.58,55.03
LTC,2019-11-19,56.22,56.22,54.3,54.8
LTC,2019-11-18,59.65,59.8,53.92,56.22
LTC,2019-11-17,58.02,60.0,57.65,59.65
LTC,2019-11-16,57.5,58.84,57.17,58.03
LTC,2019-11-15,59.1,60.56,56.23,57.5
LTC,2019-11-14,60.78,61.06,58.34,59.1
LTC,2019-11-13,61.41,61.94,60.22,60.72
LTC,2019-11-12,62.43,62.5,59.84,61.41
LTC,2019-11-11,64.0,64.32,60.66,62.47
LTC,2019-11-10,61.86,65.1,61.49,64.0
LTC,2019-11-09,60.76,61.89,60.08,61.86
LTC,2019-11-08,61.52,62.35,58.81,60.69
LTC,2019-11-07,63.45,64.25,60.43,61.52
LTC,2019-11-06,63.28,63.92,62.67,63.45
LTC,2019-11-05,61.63,64.09,60.94,63.27
LTC,2019-11-04,58.03,62.6,58.0,61.63
LTC,2019-11-03,58.32,58.69,57.29,58.03
LTC,2019-11-02,58.17,59.25,57.94,58.32
LTC,2019-11-01,58.39,58.9,57.14,58.17
LTC,2019-10-31,58.11,59.68,57.16,58.39
LTC,2019-10-30,59.98,61.14,57.11,58.11
LTC,2019-10-29,58.6,60.81,57.83,60.15
LTC,2019-10-28,60.64,62.55,57.66,58.65
LTC,2019-10-27,56.08,62.78,55.86,60.64
LTC,2019-10-26,56.96,63.77,54.3,56.08
LTC,2019-10-25,49.8,58.72,49.21,57.0
LTC,2019-10-24,49.41,50.35,48.38,49.8
LTC,2019-10-23,54.03,54.12,47.48,49.46
LTC,2019-10-22,54.67,55.16,53.94,54.03
LTC,2019-10-21,54.95,55.62,53.79,54.67
LTC,2019-10-20,53.71,55.47,52.8,54.95
LTC,2019-10-19,52.99,54.16,52.69,53.71
LTC,2019-10-18,54.46,54.98,52.32,52.99
LTC,2019-10-17,52.5,55.19,51.61,54.46
LTC,2019-10-16,54.47,55.3,51.08,52.5
LTC,2019-10-15,56.72,57.4,53.82,54.47
LTC,2019-10-14,56.25,57.12,55.98,56.72
LTC,2019-10-13,55.99,57.68,55.68,56.25
LTC,2019-10-12,55.81,56.44,55.53,55.99
LTC,2019-10-11,57.84,58.57,55.79,55.81
LTC,2019-10-10,59.23,59.64,57.44,57.84
LTC,2019-10-09,56.69,60.0,56.64,59.23
LTC,2019-10-08,57.43,58.52,56.57,56.69
LTC,2019-10-07,54.47,58.78,53.6,57.43
LTC,2019-10-06,56.62,57.08,53.33,54.47
LTC,2019-10-05,56.97,57.48,55.75,56.62
LTC,2019-10-04,55.97,57.42,55.46,57.03
LTC,2019-10-03,55.65,56.55,53.79,56.05
LTC,2019-10-02,55.97,56.7,55.31,55.65
LTC,2019-10-01,55.31,57.61,55.03,55.92
LTC,2019-09-30,53.55,56.32,52.61,55.39
LTC,2019-09-29,55.45,55.99,52.45,53.55
LTC,2019-09-28,55.18,56.8,53.91,55.45
LTC,2019-09-27,53.86,55.84,52.95,55.18
LTC,2019-09-26,57.2,58.38,50.4,53.86
LTC,2019-09-25,57.65,58.72,53.57,57.2
LTC,2019-09-24,68.56,69.11,55.28,57.64
LTC,2019-09-23,71.91,74.08,68.87,68.87
LTC,2019-09-22,72.87,73.27,71.12,72.06
LTC,2019-09-21,74.26,75.62,72.04,72.87
LTC,2019-09-20,76.11,77.29,72.87,74.2
LTC,2019-09-19,78.41,79.13,72.67,76.14
LTC,2019-09-18,77.01,80.05,73.86,78.36
LTC,2019-09-17,71.58,77.82,71.58,77.01
LTC,2019-09-16,70.28,71.95,69.55,71.58
LTC,2019-09-15,71.17,71.47,69.78,70.28
LTC,2019-09-14,68.02,71.25,68.01,71.17
LTC,2019-09-13,68.92,69.64,67.57,68.02
LTC,2019-09-12,68.75,69.93,68.4,68.94
LTC,2019-09-11,70.84,71.36,68.3,68.75
LTC,2019-09-10,69.4,73.06,69.11,70.84
LTC,2019-09-09,69.66,71.29,67.87,69.4
LTC,2019-09-08,69.41,71.52,68.4,69.66
LTC,2019-09-07,65.18,70.42,64.75,69.45
LTC,2019-09-06,64.68,68.14,64.58,65.18
LTC,2019-09-05,67.46,67.8,64.32,64.65
LTC,2019-09-04,69.43,70.92,66.69,67.51
LTC,2019-09-03,67.72,69.74,66.71,69.43
LTC,2019-09-02,66.45,67.94,65.26,67.72
LTC,2019-09-01,62.56,66.8,62.56,66.4
LTC,2019-08-31,65.28,65.33,62.43,62.76
LTC,2019-08-30,64.23,65.57,62.19,65.28
LTC,2019-08-29,66.23,67.06,62.24,64.23
LTC,2019-08-28,72.53,72.8,64.76,66.23
LTC,2019-08-27,73.09,73.84,72.1,72.45
LTC,2019-08-26,71.4,75.41,70.83,73.08
LTC,2019-08-25,73.4,74.93,70.93,71.4
LTC,2019-08-24,75.0,75.7,71.86,73.4
LTC,2019-08-23,73.79,76.03,72.53,74.86
LTC,2019-08-22,73.77,74.55,70.95,73.8
LTC,2019-08-21,75.0,75.98,70.1,73.77
LTC,2019-08-20,75.77,77.29,73.52,75.0
LTC,2019-08-19,77.37,78.83,75.69,75.77
LTC,2019-08-18,72.18,77.95,71.51,77.37
LTC,2019-08-17,75.26,75.92,71.7,72.18
LTC,2019-08-16,76.34,77.12,72.41,75.4
LTC,2019-08-15,76.91,77.78,71.0,76.39
LTC,2019-08-14,84.06,85.82,75.16,76.91
LTC,2019-08-13,85.88,86.22,83.07,84.06
LTC,2019-08-12,90.74,90.74,85.37,85.88
LTC,2019-08-11,86.46,91.24,84.75,90.64
LTC,2019-08-10,84.5,87.09,82.31,86.31
LTC,2019-08-09,88.6,90.44,82.74,84.5
LTC,2019-08-08,89.53,92.0,87.86,88.61
LTC,2019-08-07,92.66,94.33,87.55,89.69
LTC,2019-08-06,97.52,99.01,91.31,92.61
LTC,2019-08-05,92.67,105.72,91.96,97.52
LTC,2019-08-04,94.74,94.8,90.49,92.67
LTC,2019-08-03,93.68,96.55,93.0,94.74
LTC,2019-08-02,98.89,99.44,92.91,93.83
LTC,2019-08-01,98.5,100.72,95.79,98.89
LTC,2019-07-31,90.26,99.5,89.89,98.5
LTC,2019-07-30,90.77,92.6,88.61,90.26
LTC,2019-07-29,89.02,92.03,83.73,90.84
LTC,2019-07-28,88.22,90.11,87.86,89.15
LTC,2019-07-27,93.98,96.28,86.49,88.22
LTC,2019-07-26,92.96,94.52,90.33,94.26
LTC,2019-07-25,93.66,96.48,92.09,92.51
LTC,2019-07-24,93.38,96.99,86.91,93.66
LTC,2019-07-23,95.01,95.48,88.54,93.61
LTC,2019-07-22,98.36,100.82,91.35,95.01
LTC,2019-07-21,103.34,104.5,96.51,98.49
LTC,2019-07-20,97.51,106.0,97.46,103.34
LTC,2019-07-19,100.34,103.07,95.31,97.51
LTC,2019-07-18,90.82,103.47,87.29,100.34
LTC,2019-07-17,79.99,94.86,77.13,91.05
LTC,2019-07-16,91.13,92.2,76.5,79.83
LTC,2019-07-15,90.69,92.86,85.14,91.02
LTC,2019-07-14,98.52,102.02,88.12,90.69
LTC,2019-07-13,105.2,105.54,98.0,98.7
LTC,2019-07-12,101.9,106.51,100.78,105.2
LTC,2019-07-11,107.05,108.36,95.18,101.89
LTC,2019-07-10,118.4,120.42,102.81,107.05
LTC,2019-07-09,121.25,125.16,117.94,118.4
LTC,2019-07-08,119.68,121.49,118.47,121.33
LTC,2019-07-07,119.38,121.0,117.26,119.59
LTC,2019-07-06,118.72,122.0,117.93,119.86
LTC,2019-07-05,123.12,123.69,116.92,118.72
LTC,2019-07-04,118.24,127.21,118.09,123.12
LTC,2019-07-03,117.26,122.98,116.07,118.25
LTC,2019-07-02,119.4,123.62,112.21,117.26
LTC,2019-07-01,130.16,130.47,113.68,118.77
LTC,2019-06-30,133.44,136.63,124.8,130.16
LTC,2019-06-29,119.5,135.99,115.12,133.5
LTC,2019-06-28,112.41,121.75,111.51,119.5
LTC,2019-06-27,130.39,132.0,109.9,112.41
LTC,2019-06-26,132.28,138.37,127.53,130.22
LTC,2019-06-25,132.71,136.84,129.16,132.28
LTC,2019-06-24,139.15,139.85,132.0,132.71
LTC,2019-06-23,141.64,142.03,138.96,139.28
LTC,2019-06-22,137.59,145.5,136.4,141.64
LTC,2019-06-21,136.01,141.32,134.8,137.59
LTC,2019-06-20,138.75,139.39,133.49,136.12
LTC,2019-06-19,134.17,139.77,132.42,138.75
LTC,2019-06-18,133.88,136.71,128.85,134.17
LTC,2019-06-17,135.99,137.52,132.32,133.9
LTC,2019-06-16,137.41,138.9,133.9,135.63
LTC,2019-06-15,129.8,140.0,129.69,137.41
LTC,2019-06-14,131.73,133.0,126.0,129.8
LTC,2019-06-13,133.98,136.97,128.38,131.71
LTC,2019-06-12,137.99,144.13,131.05,134.0
LTC,2019-06-11,125.51,138.82,124.55,137.85
LTC,2019-06-10,114.91,129.11,111.84,125.45
LTC,2019-06-09,118.19,119.98,112.02,115.15
LTC,2019-06-08,114.66,119.14,114.19,117.84
LTC,2019-06-07,104.97,121.22,104.97,114.67
LTC,2019-06-06,102.36,105.56,101.48,104.97
LTC,2019-06-05,101.0,105.2,98.17,102.36
LTC,2019-06-04,111.53,111.85,98.09,101.0
LTC,2019-06-03,113.43,116.01,109.23,111.53
LTC,2019-06-02,112.38,116.72,111.64,113.43
LTC,2019-06-01,111.41,115.9,111.06,112.38
LTC,2019-05-31,110.98,111.71,102.38,111.09
LTC,2019-05-30,116.26,120.4,108.78,110.81
LTC,2019-05-29,115.11,118.14,108.91,116.31
LTC,2019-05-28,114.32,119.3,111.62,115.12
LTC,2019-05-27,108.28,121.93,108.28,114.32
LTC,2019-05-26,101.19,108.84,99.54,108.6
LTC,2019-05-25,103.11,104.98,98.67,101.19
LTC,2019-05-24,88.51,103.92,88.27,103.11
LTC,2019-05-23,89.42,89.42,84.91,88.51
LTC,2019-05-22,92.73,92.9,85.77,89.42
LTC,2019-05-21,92.56,93.31,89.43,92.73
LTC,2019-05-20,94.67,97.2,87.58,92.68
LTC,2019-05-19,87.23,95.95,86.37,94.69
LTC,2019-05-18,86.83,90.49,85.36,87.08
LTC,2019-05-17,92.55,97.34,84.36,86.83
LTC,2019-05-16,100.71,107.34,90.88,93.0
LTC,2019-05-15,87.81,104.29,87.69,100.56
LTC,2019-05-14,89.48,93.72,86.33,87.78
LTC,2019-05-13,86.74,92.85,83.94,89.43
LTC,2019-05-12,93.02,95.95,83.46,86.74
LTC,2019-05-11,72.98,79.16,72.44,76.83
LTC,2019-05-10,72.98,79.16,72.44,76.83
LTC,2019-05-09,73.59,75.43,72.3,72.83
LTC,2019-05-08,74.47,75.57,71.98,73.59
LTC,2019-05-07,74.84,77.72,72.79,74.47
LTC,2019-05-06,76.26,76.35,71.05,74.9
LTC,2019-05-05,76.55,77.92,74.59,76.26
LTC,2019-05-04,78.09,81.31,73.94,76.52
LTC,2019-05-03,72.17,79.49,71.92,78.19
LTC,2019-05-02,71.81,73.39,71.36,72.17
LTC,2019-05-01,72.31,74.76,71.2,71.81
LTC,2019-04-30,66.17,72.64,65.52,72.28
LTC,2019-04-29,67.45,68.33,65.22,66.17
LTC,2019-04-28,71.0,71.06,67.25,67.45
LTC,2019-04-27,70.65,71.89,70.49,71.0
LTC,2019-04-26,73.96,74.08,68.8,70.63
LTC,2019-04-25,72.66,74.66,72.1,73.96
LTC,2019-04-24,77.12,77.12,70.63,72.62
LTC,2019-04-23,77.26,79.67,76.31,77.01
LTC,2019-04-22,75.95,78.26,75.54,77.26
LTC,2019-04-21,81.03,82.07,73.52,75.96
LTC,2019-04-20,81.93,82.9,80.49,81.03
LTC,2019-04-19,83.4,83.53,80.15,81.93
LTC,2019-04-18,79.69,83.98,78.89,83.4
LTC,2019-04-17,80.83,82.0,78.7,79.69
LTC,2019-04-16,77.44,81.74,77.13,80.83
LTC,2019-04-15,78.66,84.54,75.17,77.44
LTC,2019-04-14,77.77,79.45,76.5,78.66
LTC,2019-04-13,78.45,81.56,76.41,77.67
LTC,2019-04-12,78.59,80.9,75.72,78.45
LTC,2019-04-11,88.37,88.79,60.91,78.59
LTC,2019-04-10,87.69,92.31,86.28,88.37
LTC,2019-04-09,88.36,89.87,83.65,87.69
LTC,2019-04-08,92.51,94.37,86.6,88.36
LTC,2019-04-07,92.35,95.75,88.5,92.51
LTC,2019-04-06,88.13,97.63,85.46,92.11
LTC,2019-04-05,82.47,90.41,82.4,88.06
LTC,2019-04-04,96.47,97.98,75.6,82.47
LTC,2019-04-03,72.98,99.5,72.94,96.47
LTC,2019-04-02,60.18,73.68,60.1,72.98
LTC,2019-04-01,60.28,60.74,59.92,60.18
LTC,2019-03-31,60.12,60.47,59.66,60.28
LTC,2019-03-30,60.89,61.33,59.73,60.12
LTC,2019-03-29,60.28,61.4,59.82,60.89
LTC,2019-03-28,60.94,61.5,60.02,60.28
LTC,2019-03-27,57.86,61.18,57.85,60.94
LTC,2019-03-26,58.19,58.94,57.16,57.86
LTC,2019-03-25,59.22,60.21,57.79,58.19
LTC,2019-03-24,60.16,60.62,58.74,59.22
LTC,2019-03-23,58.9,61.27,58.86,60.16
LTC,2019-03-22,58.28,59.4,57.75,59.01
LTC,2019-03-21,59.83,60.57,57.28,58.28
LTC,2019-03-20,58.93,60.07,57.01,59.83
LTC,2019-03-19,59.2,59.58,58.17,58.93
LTC,2019-03-18,60.45,62.14,57.97,59.2
LTC,2019-03-17,60.4,60.99,59.43,60.45
LTC,2019-03-16,58.36,62.0,57.72,60.4
LTC,2019-03-15,55.54,58.63,55.4,58.36
LTC,2019-03-14,54.96,57.82,52.98,55.45
LTC,2019-03-13,55.98,56.42,54.07,54.96
LTC,2019-03-12,54.24,56.62,52.07,55.98
LTC,2019-03-11,56.23,57.06,53.64,54.24
LTC,2019-03-10,56.69,57.65,55.66,56.23
LTC,2019-03-09,55.98,59.0,54.09,56.69
LTC,2019-03-08,56.78,57.29,55.11,55.98
LTC,2019-03-07,54.97,58.71,53.8,56.78
LTC,2019-03-06,51.69,56.39,51.18,54.92
LTC,2019-03-05,45.52,53.9,45.19,51.69
LTC,2019-03-04,47.5,47.86,44.65,45.52
LTC,2019-03-03,48.13,48.73,47.32,47.5
LTC,2019-03-02,48.01,49.1,46.25,48.1
LTC,2019-03-01,45.79,48.86,45.29,48.01
LTC,2019-02-28,43.99,46.41,43.77,45.79
LTC,2019-02-27,44.36,45.34,42.47,43.99
LTC,2019-02-26,45.06,45.73,44.07,44.36
LTC,2019-02-25,44.68,46.74,43.51,45.06
LTC,2019-02-24,51.12,53.41,42.44,44.68
LTC,2019-02-23,48.91,51.74,47.81,51.12
LTC,2019-02-22,48.4,49.4,47.75,48.91
LTC,2019-02-21,50.36,51.17,47.46,48.4
LTC,2019-02-20,47.11,52.25,46.14,50.36
LTC,2019-02-19,47.08,48.89,46.41,47.11
LTC,2019-02-18,42.92,48.71,42.9,47.08
LTC,2019-02-17,43.48,44.57,42.01,42.76
LTC,2019-02-16,41.86,43.86,41.7,43.48
LTC,2019-02-15,41.3,44.12,40.72,41.86
LTC,2019-02-14,41.12,42.0,39.9,41.41
LTC,2019-02-13,42.91,44.13,40.28,41.12
LTC,2019-02-12,42.13,44.04,41.52,42.84
LTC,2019-02-11,45.98,46.74,41.47,42.13
LTC,2019-02-10,44.11,46.94,41.83,45.92
LTC,2019-02-09,41.21,46.09,40.5,44.0
LTC,2019-02-08,32.82,44.5,32.52,41.21
LTC,2019-02-07,32.38,33.16,32.38,32.82
LTC,2019-02-06,33.88,34.14,31.87,32.38
LTC,2019-02-05,33.91,34.06,33.26,33.88
LTC,2019-02-04,32.87,34.03,32.87,33.91
LTC,2019-02-03,32.86,34.6,32.61,32.87
LTC,2019-02-02,33.22,33.22,32.2,32.87
LTC,2019-02-01,31.2,33.24,30.53,33.22
LTC,2019-01-31,31.36,32.17,30.9,31.2
LTC,2019-01-30,30.71,31.75,30.4,31.36
LTC,2019-01-29,30.32,31.16,29.92,30.71
LTC,2019-01-28,32.55,32.56,29.9,30.32
LTC,2019-01-27,32.96,32.97,31.33,32.55
LTC,2019-01-26,32.31,33.91,32.28,32.96
LTC,2019-01-25,32.55,32.96,31.88,32.31
LTC,2019-01-24,31.61,33.02,31.05,32.41
LTC,2019-01-23,31.51,32.16,31.26,31.61
LTC,2019-01-22,30.68,31.92,29.52,31.51
LTC,2019-01-21,30.65,31.23,30.47,30.68
LTC,2019-01-20,32.44,33.03,30.31,30.62
LTC,2019-01-19,30.93,33.12,30.85,32.44
LTC,2019-01-18,31.32,31.69,30.57,30.93
LTC,2019-01-17,31.32,31.63,29.94,31.32
LTC,2019-01-16,30.62,32.05,30.62,31.29
LTC,2019-01-15,31.91,32.45,30.36,30.62
LTC,2019-01-14,29.96,32.82,29.61,31.91
LTC,2019-01-13,31.82,32.83,29.74,29.96
LTC,2019-01-12,32.68,32.73,31.15,31.82
LTC,2019-01-11,33.39,33.64,32.05,32.68
LTC,2019-01-10,39.16,39.24,32.0,33.46
LTC,2019-01-09,39.05,39.95,38.41,39.16
LTC,2019-01-08,37.96,41.07,37.23,39.05
LTC,2019-01-07,38.59,39.47,37.24,37.96
LTC,2019-01-06,35.25,40.09,34.18,38.59
LTC,2019-01-05,32.26,36.11,31.92,35.25
LTC,2019-01-04,31.41,32.67,31.01,32.26
LTC,2019-01-03,33.0,33.55,30.99,31.4
LTC,2019-01-02,31.19,33.08,31.13,33.0
LTC,2019-01-01,29.53,31.63,29.43,31.19
LTC,2018-12-31,31.36,31.69,29.44,29.53
LTC,2018-12-30,32.94,33.02,30.08,31.36
LTC,2018-12-29,32.1,33.17,31.05,33.01
LTC,2018-12-28,27.86,33.47,27.55,32.1
LTC,2018-12-27,29.94,31.07,27.47,27.86
LTC,2018-12-26,30.79,31.88,28.99,29.9
LTC,2018-12-25,34.01,34.54,29.74,30.76
LTC,2018-12-24,33.26,36.48,32.71,33.92
LTC,2018-12-23,30.79,33.84,30.42,33.26
LTC,2018-12-22,30.18,31.11,29.69,30.79
LTC,2018-12-21,31.99,33.0,29.57,30.18
LTC,2018-12-20,28.65,33.1,28.65,31.99
LTC,2018-12-19,28.5,31.56,28.5,28.65
LTC,2018-12-18,28.88,29.5,27.73,28.5
LTC,2018-12-17,25.63,30.3,25.06,28.93
LTC,2018-12-16,23.64,26.58,23.34,25.63
LTC,2018-12-15,22.66,23.78,22.66,23.64
LTC,2018-12-14,22.83,23.47,22.26,22.58
LTC,2018-12-13,24.45,24.5,22.68,22.83
LTC,2018-12-12,23.49,24.9,23.02,24.45
LTC,2018-12-11,24.21,24.37,22.74,23.49
LTC,2018-12-10,25.23,25.63,23.47,24.21
LTC,2018-12-09,23.21,26.58,22.98,25.21
LTC,2018-12-08,24.92,26.41,22.91,23.22
LTC,2018-12-07,27.93,27.93,22.26,24.94
LTC,2018-12-06,29.12,30.14,27.08,27.93
LTC,2018-12-05,30.7,30.98,28.67,29.12
LTC,2018-12-04,30.94,31.88,29.5,30.7
LTC,2018-12-03,33.94,33.94,29.55,30.94
LTC,2018-12-02,34.05,34.67,32.74,33.94
LTC,2018-12-01,31.38,34.78,30.96,34.05
LTC,2018-11-30,33.09,34.11,30.72,31.37
LTC,2018-11-29,34.32,35.42,32.79,33.09
LTC,2018-11-28,30.56,35.91,30.2,34.43
LTC,2018-11-27,28.96,31.6,28.24,30.54
LTC,2018-11-26,31.37,31.73,27.57,28.96
LTC,2018-11-25,28.39,31.85,26.33,31.38
LTC,2018-11-24,31.37,32.9,27.93,28.33
LTC,2018-11-23,33.12,33.16,30.31,31.37
LTC,2018-11-22,33.13,34.54,32.71,33.12
LTC,2018-11-21,32.81,34.12,31.0,33.13
LTC,2018-11-20,36.07,37.45,30.31,32.75
LTC,2018-11-19,41.7,41.88,35.0,36.07
LTC,2018-11-18,41.33,42.9,41.31,41.7
LTC,2018-11-17,41.83,41.88,41.12,41.33
LTC,2018-11-16,42.89,43.57,41.78,41.83
LTC,2018-11-15,42.05,43.66,39.66,42.89
LTC,2018-11-14,48.94,49.88,40.38,42.05
LTC,2018-11-13,50.16,50.42,48.24,48.94
LTC,2018-11-12,50.4,51.25,49.94,50.16
LTC,2018-11-11,52.04,52.09,49.51,50.4
LTC,2018-11-10,51.26,52.34,51.22,52.04
LTC,2018-11-09,52.97,52.97,51.11,51.26
LTC,2018-11-08,53.93,54.45,52.51,52.97
LTC,2018-11-07,54.84,56.33,53.2,53.93
LTC,2018-11-06,53.12,55.09,52.91,54.84
LTC,2018-11-05,54.01,54.63,52.7,53.12
LTC,2018-11-04,51.14,55.79,50.48,54.01
LTC,2018-11-03,51.22,51.22,50.34,51.14
LTC,2018-11-02,50.11,51.62,49.98,51.22
LTC,2018-11-01,49.7,50.12,49.37,50.11
LTC,2018-10-31,48.56,50.22,47.83,49.7
LTC,2018-10-30,48.59,49.19,48.22,48.56
LTC,2018-10-29,51.3,51.54,47.44,48.59
LTC,2018-10-28,51.45,51.72,51.3,51.3
LTC,2018-10-27,51.67,51.79,51.33,51.45
LTC,2018-10-26,51.73,52.26,51.11,51.67
LTC,2018-10-25,52.02,52.02,51.53,51.73
LTC,2018-10-24,51.99,52.57,51.79,52.02
LTC,2018-10-23,51.96,52.53,51.29,51.99
LTC,2018-10-22,52.69,52.69,51.5,51.96
LTC,2018-10-21,52.73,53.26,52.42,52.69
LTC,2018-10-20,52.76,52.98,52.03,52.73
LTC,2018-10-19,51.49,53.12,51.31,52.76
LTC,2018-10-18,52.57,53.33,51.05,51.49
LTC,2018-10-17,52.87,53.29,52.3,52.57
LTC,2018-10-16,53.28,54.15,52.61,52.86
LTC,2018-10-15,51.93,56.93,50.85,53.28
LTC,2018-10-14,52.73,53.35,51.43,51.93
LTC,2018-10-13,52.89,53.88,52.47,52.73
LTC,2018-10-12,51.86,53.22,49.93,52.94
LTC,2018-10-11,57.4,57.6,50.31,51.86
LTC,2018-10-10,58.23,58.54,56.8,57.4
LTC,2018-10-09,59.35,59.48,57.98,58.23
LTC,2018-10-08,57.31,59.68,57.17,59.35
LTC,2018-10-07,57.42,58.25,56.6,57.31
LTC,2018-10-06,57.8,59.22,56.75,57.39
LTC,2018-10-05,58.31,58.54,57.28,57.77
LTC,2018-10-04,56.86,58.8,56.68,58.31
LTC,2018-10-03,59.67,59.67,56.55,56.86
LTC,2018-10-02,60.12,61.46,58.84,59.67
LTC,2018-10-01,60.24,61.82,59.27,60.33
LTC,2018-09-30,61.2,62.76,59.81,60.24
LTC,2018-09-29,61.73,62.05,58.81,61.2
LTC,2018-09-28,63.99,64.75,60.2,61.73
LTC,2018-09-27,58.58,65.46,56.69,63.99
LTC,2018-09-26,57.58,59.75,56.4,58.58
LTC,2018-09-25,58.41,58.51,54.35,57.69
LTC,2018-09-24,60.72,61.73,57.16,58.41
LTC,2018-09-23,60.39,63.73,59.9,60.72
LTC,2018-09-22,60.36,61.74,58.08,60.39
LTC,2018-09-21,54.01,62.72,53.8,60.36
LTC,2018-09-20,54.6,55.13,53.4,54.01
LTC,2018-09-19,54.02,54.94,51.61,54.6
LTC,2018-09-18,51.73,55.3,50.51,54.11
LTC,2018-09-17,57.03,57.74,51.49,51.73
LTC,2018-09-16,57.51,57.51,54.41,57.03
LTC,2018-09-15,58.26,58.72,56.1,57.52
LTC,2018-09-14,54.0,58.82,52.88,58.26
LTC,2018-09-13,51.71,55.27,51.15,54.0
LTC,2018-09-12,50.82,51.97,47.25,51.71
LTC,2018-09-11,53.86,54.69,50.06,50.85
LTC,2018-09-10,56.07,56.39,53.05,53.86
LTC,2018-09-09,52.56,56.58,52.19,56.1
LTC,2018-09-08,56.49,57.1,51.92,52.56
LTC,2018-09-07,56.33,58.27,55.13,56.49
LTC,2018-09-06,60.35,60.59,53.9,56.33
LTC,2018-09-05,67.93,68.42,59.09,60.41
LTC,2018-09-04,65.59,69.25,65.18,67.93
LTC,2018-09-03,65.56,66.36,64.36,65.59
LTC,2018-09-02,66.91,67.14,64.15,65.56
LTC,2018-09-01,62.14,67.72,61.88,66.91
LTC,2018-08-31,59.97,62.61,59.53,62.14
LTC,2018-08-30,61.9,62.25,58.61,59.97
LTC,2018-08-29,62.76,63.58,60.38,61.96
LTC,2018-08-28,57.78,63.7,57.72,62.8
LTC,2018-08-27,56.79,58.3,56.54,57.78
LTC,2018-08-26,57.82,58.02,55.92,56.78
LTC,2018-08-25,57.82,58.37,57.06,57.82
LTC,2018-08-24,55.69,58.19,55.67,57.82
LTC,2018-08-23,54.63,56.59,53.98,55.7
LTC,2018-08-22,55.83,59.15,53.89,54.63
LTC,2018-08-21,55.75,56.36,53.25,55.72
LTC,2018-08-20,58.31,58.59,54.94,55.75
LTC,2018-08-19,56.24,58.91,56.22,58.33
LTC,2018-08-18,58.77,62.2,55.35,56.21
LTC,2018-08-17,55.26,59.8,54.65,58.7
LTC,2018-08-16,55.91,57.61,53.89,55.26
LTC,2018-08-15,52.08,59.23,51.84,55.91
LTC,2018-08-14,56.32,56.76,49.37,52.28
LTC,2018-08-13,59.55,60.5,55.73,56.32
LTC,2018-08-12,58.38,61.65,57.39,59.55
LTC,2018-08-11,60.32,60.32,55.16,58.38
LTC,2018-08-10,63.65,64.99,60.0,60.32
LTC,2018-08-09,62.8,64.31,60.28,63.54
LTC,2018-08-08,69.49,69.49,61.0,62.8
LTC,2018-08-07,73.52,74.99,69.32,69.43
LTC,2018-08-06,74.49,76.71,73.0,73.52
LTC,2018-08-05,73.03,74.54,72.26,74.49
LTC,2018-08-04,76.85,78.0,72.21,73.03
LTC,2018-08-03,76.12,77.27,74.8,76.85
LTC,2018-08-02,75.89,78.28,75.54,76.12
LTC,2018-08-01,77.74,79.2,75.74,75.92
LTC,2018-07-31,82.42,82.44,76.34,77.74
LTC,2018-07-30,83.59,84.55,79.77,82.38
LTC,2018-07-29,83.84,85.09,83.41,83.59
LTC,2018-07-28,84.49,84.83,82.43,83.84
LTC,2018-07-27,85.86,85.86,81.49,84.49
LTC,2018-07-26,87.33,87.87,85.86,85.86
LTC,2018-07-25,87.52,90.53,85.0,87.35
LTC,2018-07-24,81.63,89.24,80.94,87.52
LTC,2018-07-23,83.71,85.68,81.67,81.73
LTC,2018-07-22,84.1,84.47,81.69,83.71
LTC,2018-07-21,82.24,84.6,79.55,84.1
LTC,2018-07-20,86.11,87.93,81.12,82.11
LTC,2018-07-19,87.87,88.74,85.0,86.1
LTC,2018-07-18,88.93,94.46,86.08,88.16
LTC,2018-07-17,82.86,90.05,81.51,88.88
LTC,2018-07-16,79.12,83.71,77.69,82.86
LTC,2018-07-15,77.05,79.12,75.32,79.12
LTC,2018-07-14,75.99,77.49,75.6,77.05
LTC,2018-07-13,75.75,78.31,74.43,75.99
LTC,2018-07-12,76.78,78.11,74.5,75.75
LTC,2018-07-11,77.54,80.71,74.72,76.78
LTC,2018-07-10,81.02,82.82,74.53,77.54
LTC,2018-07-09,83.74,83.74,80.91,81.02
LTC,2018-07-08,80.05,85.6,79.71,83.74
LTC,2018-07-07,82.77,83.47,79.53,80.05
LTC,2018-07-06,82.87,84.07,80.71,82.77
LTC,2018-07-05,86.62,87.07,82.0,82.87
LTC,2018-07-04,87.91,89.23,83.37,86.62
LTC,2018-07-03,85.74,89.78,85.0,87.35
LTC,2018-07-02,79.53,86.3,78.49,85.74
LTC,2018-07-01,79.77,81.44,77.82,79.53
LTC,2018-06-30,74.11,84.07,73.67,79.77
LTC,2018-06-29,78.09,78.09,72.58,74.11
LTC,2018-06-28,80.34,81.87,77.66,78.09
LTC,2018-06-27,78.88,80.93,75.04,80.04
LTC,2018-06-26,81.98,82.42,78.28,78.88
LTC,2018-06-25,82.58,84.21,78.83,81.98
LTC,2018-06-24,82.5,84.73,73.33,82.51
LTC,2018-06-23,83.5,86.79,80.39,82.5
LTC,2018-06-22,96.45,97.08,82.73,83.55
LTC,2018-06-21,97.74,99.27,96.0,96.45
LTC,2018-06-20,98.11,98.89,95.35,97.74
LTC,2018-06-19,99.23,101.39,96.98,98.11
LTC,2018-06-18,95.98,99.34,93.11,99.23
LTC,2018-06-17,96.53,97.98,94.84,95.98
LTC,2018-06-16,97.5,97.5,92.92,96.53
LTC,2018-06-15,102.17,102.17,96.36,97.5
LTC,2018-06-14,91.92,102.88,91.59,102.18
LTC,2018-06-13,99.06,100.09,89.04,91.92
LTC,2018-06-12,105.06,108.0,97.46,98.86
LTC,2018-06-11,105.0,108.49,103.0,105.06
LTC,2018-06-10,119.25,119.25,104.19,105.07
LTC,2018-06-09,120.0,120.81,118.53,119.25
LTC,2018-06-08,120.33,122.06,118.27,120.0
LTC,2018-06-07,120.32,123.35,119.69,120.26
LTC,2018-06-06,121.19,122.72,118.33,120.32
LTC,2018-06-05,119.5,122.32,116.05,121.19
LTC,2018-06-04,125.48,126.77,118.04,119.5
LTC,2018-06-03,123.15,127.9,122.22,125.48
LTC,2018-06-02,118.63,124.22,118.28,123.13
LTC,2018-06-01,119.27,120.2,116.69,118.63
LTC,2018-05-31,116.95,120.98,116.12,119.27
LTC,2018-05-30,120.13,122.51,114.98,116.95
LTC,2018-05-29,113.36,122.49,109.86,120.13
LTC,2018-05-28,116.86,118.91,111.4,113.4
LTC,2018-05-27,121.05,121.97,116.47,116.86
LTC,2018-05-26,118.39,122.37,117.01,120.99
LTC,2018-05-25,122.98,124.21,117.21,118.28
LTC,2018-05-24,120.43,124.65,115.0,123.02
LTC,2018-05-23,129.75,130.07,116.12,120.35
LTC,2018-05-22,135.23,136.08,129.62,129.75
LTC,2018-05-21,140.14,140.25,133.27,135.23
LTC,2018-05-20,134.77,141.0,132.5,140.14
LTC,2018-05-19,137.13,137.71,133.13,135.05
LTC,2018-05-18,134.63,137.46,128.89,137.13
LTC,2018-05-17,137.95,141.32,133.22,134.63
LTC,2018-05-16,140.25,140.81,134.4,137.95
LTC,2018-05-15,150.83,151.54,139.01,140.25
LTC,2018-05-14,145.73,152.64,134.64,151.16
LTC,2018-05-13,141.13,146.53,136.66,145.73
LTC,2018-05-12,135.29,144.46,131.39,141.4
LTC,2018-05-11,151.46,152.32,134.55,135.29
LTC,2018-05-10,157.29,160.49,150.89,151.3
LTC,2018-05-09,157.59,160.21,151.0,157.29
LTC,2018-05-08,166.77,168.14,156.9,157.59
LTC,2018-05-07,168.98,172.0,157.67,166.76
LTC,2018-05-06,175.01,183.21,165.09,168.98
LTC,2018-05-05,165.51,183.01,165.51,175.86
LTC,2018-05-04,161.18,165.75,157.97,165.51
LTC,2018-05-03,150.84,164.24,150.43,161.18
LTC,2018-05-02,145.72,150.84,145.72,150.84
LTC,2018-05-01,149.91,150.15,143.22,145.72
LTC,2018-04-30,151.08,154.48,148.82,149.99
LTC,2018-04-29,152.99,156.19,148.0,151.08
LTC,2018-04-28,146.89,153.34,145.01,152.99
LTC,2018-04-27,150.97,154.39,145.07,146.89
LTC,2018-04-26,149.0,150.92,142.22,150.92
LTC,2018-04-25,164.55,166.14,142.69,149.0
LTC,2018-04-24,151.6,165.94,151.44,164.55
LTC,2018-04-23,149.9,153.73,146.1,151.6
LTC,2018-04-22,146.48,153.71,144.99,149.79
LTC,2018-04-21,152.28,157.04,141.4,146.6
LTC,2018-04-20,145.33,153.5,143.25,152.28
LTC,2018-04-19,139.05,147.5,138.69,145.46
LTC,2018-04-18,134.14,139.9,131.91,139.05
LTC,2018-04-17,127.53,140.12,127.33,134.14
LTC,2018-04-16,131.06,133.29,125.5,127.54
LTC,2018-04-15,128.15,133.06,126.0,131.06
LTC,2018-04-14,126.96,129.84,124.5,128.15
LTC,2018-04-13,124.89,133.73,124.01,126.93
LTC,2018-04-12,114.42,127.0,113.14,125.18
LTC,2018-04-11,113.82,115.85,113.1,114.01
LTC,2018-04-10,114.1,114.3,113.69,113.83
LTC,2018-04-09,116.97,122.77,113.81,114.32
LTC,2018-04-08,117.64,118.35,115.3,117.15
LTC,2018-04-07,113.0,119.57,112.0,117.64
LTC,2018-04-06,118.32,120.08,112.19,112.82
LTC,2018-04-05,118.08,122.0,113.15,118.39
LTC,2018-04-04,133.87,134.64,115.07,118.29
LTC,2018-04-03,119.3,159.65,117.99,133.87
LTC,2018-04-02,114.51,122.0,114.25,118.89
LTC,2018-04-01,115.85,117.59,109.33,115.0
LTC,2018-03-31,117.84,124.41,115.17,115.84
LTC,2018-03-30,114.28,125.94,109.0,118.07
LTC,2018-03-29,131.56,132.35,112.02,114.4
LTC,2018-03-28,134.98,139.64,130.11,131.54
LTC,2018-03-27,148.37,149.32,134.62,134.62
LTC,2018-03-26,159.83,160.7,141.7,148.1
LTC,2018-03-25,158.82,162.92,157.13,160.17
LTC,2018-03-24,168.98,169.8,158.29,158.29
LTC,2018-03-23,163.31,168.82,156.67,168.82
LTC,2018-03-22,168.42,172.34,159.49,163.34
LTC,2018-03-21,168.81,175.17,165.45,168.67
LTC,2018-03-20,161.09,173.37,155.31,168.73
LTC,2018-03-19,153.58,163.81,150.62,161.23
LTC,2018-03-18,151.36,156.8,137.01,153.24
LTC,2018-03-17,164.64,165.35,150.4,152.24
LTC,2018-03-16,163.89,171.72,157.82,164.65
LTC,2018-03-15,160.24,167.35,150.0,163.48
LTC,2018-03-14,175.35,177.72,156.18,160.24
LTC,2018-03-13,177.62,182.0,171.0,175.35
LTC,2018-03-12,187.77,193.0,173.81,177.68
LTC,2018-03-11,176.92,193.81,170.6,188.36
LTC,2018-03-10,186.0,195.2,174.31,176.47
LTC,2018-03-09,175.47,190.0,159.11,185.99
LTC,2018-03-08,185.77,189.0,174.5,175.35
LTC,2018-03-07,196.68,199.75,174.3,185.45
LTC,2018-03-06,210.0,210.03,191.79,195.54
LTC,2018-03-05,213.91,216.4,208.25,210.5
LTC,2018-03-04,209.58,215.42,204.62,213.7
LTC,2018-03-03,213.0,218.1,208.72,209.81
LTC,2018-03-02,209.15,213.77,203.95,212.31
LTC,2018-03-01,201.73,215.5,200.3,209.05
LTC,2018-02-28,215.0,223.99,201.03,201.84
LTC,2018-02-27,218.49,223.75,212.15,215.0
LTC,2018-02-26,218.8,262.0,214.5,218.78
LTC,2018-02-25,206.33,223.28,200.01,218.27
LTC,2018-02-24,206.6,218.52,194.67,206.34
LTC,2018-02-23,193.15,215.72,182.0,207.13
LTC,2018-02-22,210.3,222.59,188.03,193.24
LTC,2018-02-21,228.71,232.56,205.01,210.36
LTC,2018-02-20,222.0,252.63,221.09,228.73
LTC,2018-02-19,214.33,226.99,214.2,222.68
LTC,2018-02-18,229.89,232.0,212.48,214.3
LTC,2018-02-17,228.98,234.0,225.0,229.96
LTC,2018-02-16,222.65,236.9,210.01,228.88
LTC,2018-02-15,212.99,236.86,207.64,222.07
LTC,2018-02-14,159.42,220.79,159.42,212.79
LTC,2018-02-13,161.35,162.31,152.76,158.82
LTC,2018-02-12,149.07,163.67,149.02,161.64
LTC,2018-02-11,155.18,155.79,140.75,148.4
LTC,2018-02-10,164.36,169.54,147.01,154.51
LTC,2018-02-09,149.5,164.83,141.9,164.83
LTC,2018-02-08,137.44,151.0,137.3,149.5
LTC,2018-02-07,141.9,159.49,129.94,137.5
LTC,2018-02-06,123.77,148.0,103.02,141.91
LTC,2018-02-05,146.77,154.9,115.5,122.6
LTC,2018-02-04,160.88,174.4,135.88,147.07
LTC,2018-02-03,130.61,165.4,117.97,160.7
LTC,2018-02-02,140.66,147.0,101.0,131.08
LTC,2018-02-01,162.33,164.87,127.0,140.84
LTC,2018-01-31,163.63,166.0,155.0,162.3
LTC,2018-01-30,180.26,180.67,160.0,163.63
LTC,2018-01-29,192.16,193.05,177.79,180.26
LTC,2018-01-28,181.16,193.65,180.0,192.16
LTC,2018-01-27,175.41,184.07,173.68,180.2
LTC,2018-01-26,179.05,182.7,165.37,175.39
LTC,2018-01-25,181.18,185.0,175.0,179.05
LTC,2018-01-24,178.01,186.13,173.0,180.99
LTC,2018-01-23,180.01,187.39,165.25,177.32
LTC,2018-01-22,190.93,195.85,165.1,180.01
LTC,2018-01-21,211.33,211.65,182.81,190.93
LTC,2018-01-20,194.73,216.6,194.49,211.75
LTC,2018-01-19,192.68,203.92,187.77,194.41
LTC,2018-01-18,187.57,210.0,177.06,192.67
LTC,2018-01-17,190.69,204.98,137.86,187.5
LTC,2018-01-16,231.98,232.75,150.4,190.73
LTC,2018-01-15,239.0,247.48,231.01,231.55
LTC,2018-01-14,261.89,280.0,232.0,239.0
LTC,2018-01-13,230.7,266.65,230.7,261.85
LTC,2018-01-11,251.76,254.0,216.02,230.7
LTC,2018-01-10,245.5,254.97,231.75,251.83
LTC,2018-01-09,253.53,290.0,239.0,246.85
LTC,2018-01-08,269.99,271.45,226.0,254.96
LTC,2018-01-07,280.52,286.76,252.4,266.55
LTC,2018-01-06,241.93,305.0,240.0,280.53
LTC,2018-01-05,239.99,260.0,236.0,240.45
LTC,2018-01-04,243.01,246.92,225.0,240.0
LTC,2018-01-03,254.6,261.49,240.51,243.0
LTC,2018-01-02,225.34,265.0,225.01,254.6
LTC,2018-01-01,230.32,237.77,217.87,225.63
